idx,name,y_true,Bow_predict,df_predict
"Bow 分类正确, df 分类错误"
389-ds-base-libs,库,库,工具
abrt-addon-kerneloops,工具,工具,服务
abrt-addon-xorg,工具,工具,服务
abrt-plugin-machine-id,工具,工具,服务
accel-config-libs,库,库,工具
acpica-tools,工具,工具,库
acpid,服务,服务,库
adobe-mappings-pdf,工具,工具,库
adwaita-qt5,库,库,工具
amanda,工具,工具,库
apache-commons-collections-testframework,库,库,工具
apache-commons-exec-javadoc,库,库,工具
apache-commons-jxpath-javadoc,库,库,工具
attr,工具,工具,库
autotrace,工具,工具,库
avahi-ui,库,库,工具
bacula-console,工具,工具,库
bacula-logwatch,工具,工具,库
bcc,工具,工具,库
beust-jcommander-javadoc,库,库,工具
bind9.16-dnssec-utils,工具,工具,库
boost-build,库,库,工具
byacc,工具,工具,库
byteman,工具,工具,库
cdi-api-javadoc,库,库,工具
cdparanoia,工具,工具,库
cgdcbxd,服务,服务,库
chrome-gnome-shell,工具,工具,服务
chrony,服务,服务,工具
pam_cifscreds,工具,工具,库
clutter,库,库,工具
cmake-data,工具,工具,库
netavark,服务,服务,库
coreos-installer-dracut,工具,工具,服务
corosync-qdevice,服务,服务,工具
cpio,工具,工具,库
crda,服务,服务,工具
createrepo_c-libs,库,库,服务
crun,库,库,工具
crypto-policies-scripts,工具,工具,服务
ctags,工具,工具,库
curl,工具,工具,服务
dbus-libs,库,库,工具
dbxtool,工具,工具,服务
dde-api,服务,服务,库
dde-calendar,服务,服务,工具
libdde-file-manager,库,库,工具
deepin-authenticate,服务,服务,库
delve,工具,工具,库
device-mapper-multipath-libs,库,库,工具
dhcp-libs,库,库,服务
diffstat,工具,工具,库
dnf-data,工具,工具,库
dos2unix,工具,工具,库
dotnet-apphost-pack-3.0,库,库,工具
dotnet-apphost-pack-3.1,库,库,工具
dotnet-apphost-pack-5.0,库,库,工具
doxygen,工具,工具,库
dwz,工具,工具,库
dyninst,工具,工具,库
eclipse-p2-discovery,工具,工具,库
eclipse-emf-runtime,工具,工具,库
elfutils,工具,工具,库
enca,工具,工具,库
enchant,库,库,工具
enchant2,库,库,工具
ethtool,工具,工具,库
exfat-utils,工具,工具,库
fcitx,工具,工具,服务
fcitx-pinyin,工具,工具,库
fcitx-qw,工具,工具,库
felix-gogo-command,工具,工具,库
felix-gogo-shell,工具,工具,库
felix-osgi-compendium-javadoc,库,库,工具
felix-osgi-core-javadoc,库,库,工具
felix-osgi-foundation-javadoc,库,库,工具
felix-utils-javadoc,库,库,工具
libavdevice,库,库,工具
python3-firewall,库,库,服务
fontconfig,工具,工具,库
foomatic-db,服务,服务,工具
freeradius,服务,服务,工具
libwinpr,库,库,工具
ftp,工具,工具,库
fxload,工具,工具,库
gawk,工具,工具,库
gcc-c++,工具,工具,库
gcc-toolset-9-ltrace,工具,工具,库
gdb-headless,工具,工具,库
genwqe-vpd,工具,工具,库
geoclue2-libs,库,库,工具
GeoIP,库,库,工具
geronimo-annotation-javadoc,库,库,工具
ghostscript,工具,工具,库
ghostscript-tools-fonts,工具,工具,其它
ghostscript-x11,工具,工具,库
git-email,工具,工具,库
perl-Git,库,库,工具
git-lfs,工具,工具,库
gnome-abrt,服务,服务,库
gnome-autoar,服务,服务,库
gnome-calculator,服务,服务,库
gnome-disk-utility,服务,服务,库
gnome-logs,服务,服务,工具
gnome-session,服务,服务,工具
gnome-terminal-nautilus,服务,服务,库
gnu-efi,库,库,其它
gnutls-dane,库,库,工具
golang-bin,工具,工具,库
grafana,服务,服务,工具
grep,工具,工具,库
gsound,库,库,工具
gtk2-devel-docs,库,库,工具
gtkmm24-docs,库,库,工具
gvfs-mtp,工具,工具,库
hawtjni-javadoc,库,库,工具
hexedit,工具,工具,库
mod_ssl,服务,服务,工具
ibus-table-chinese,工具,工具,库
icedtea-web,库,库,工具
initial-setup,工具,工具,服务
ipa-server,服务,服务,工具
ipa-server-trust-ad,服务,服务,库
ipcalc,工具,工具,库
ipmitool,工具,工具,库
iproute-tc,工具,工具,库
iptraf-ng,工具,工具,库
iputils,工具,工具,库
ipvsadm,服务,服务,库
ipxe-bootimgs-aarch64,服务,服务,工具
ipxe-bootimgs-x86,服务,服务,工具
jansi-javadoc,库,库,工具
jansi-native-javadoc,库,库,工具
jemalloc,库,库,工具
jline-javadoc,库,库,工具
jsr-305-javadoc,库,库,工具
jtidy-javadoc,库,库,工具
kabi-dw,工具,工具,库
kdecoration,库,库,服务
bpftool,工具,工具,库
kernel-tools-libs,其它,其它,库
kf5-kconfig,工具,工具,服务
kf5-kcoreaddons,工具,工具,库
kf5-kded,工具,工具,库
kf5-kdesignerplugin,工具,工具,库
kf5-kinit,工具,工具,库
kf5-kio-core-libs,工具,工具,库
kf5-kpackage,工具,工具,库
krb5-libs,库,库,服务
krb5-server-ldap,服务,服务,工具
ksh,工具,工具,库
kyotocabinet-libs,库,库,工具
ldapjdk,库,库,工具
lftp-scripts,工具,工具,库
libatasmart,库,库,工具
libblockdev-dm,库,库,工具
libblockdev-fs,库,库,工具
libblockdev-lvm,库,库,工具
libblockdev-lvm-dbus,库,库,工具
libblockdev-plugins-all,库,库,工具
libblockdev-swap,库,库,工具
libblockdev-utils,库,库,工具
libcdio,库,库,工具
libfabric,库,库,工具
libgphoto2,库,库,工具
libinput,库,库,工具
libmbim-utils,库,库,工具
libmicrohttpd,库,库,工具
libnbd-bash-completion,库,库,工具
libnetfilter_queue,库,库,工具
libosinfo,库,库,工具
libqmi-utils,库,库,工具
libquvi-scripts,库,库,工具
libreoffice-gdb-debug-support,库,库,工具
libreoffice-impress,库,库,工具
libreoffice-langpack-ar,库,库,工具
libreoffice-langpack-br,库,库,工具
libreoffice-langpack-cy,库,库,工具
libreoffice-langpack-el,库,库,工具
libreoffice-langpack-en,库,库,工具
libreoffice-langpack-et,库,库,工具
libreoffice-langpack-eu,库,库,工具
libreoffice-langpack-fa,库,库,工具
libreoffice-langpack-fr,库,库,工具
libreoffice-langpack-he,库,库,工具
libreoffice-langpack-hi,库,库,工具
libreoffice-langpack-hr,库,库,工具
libreoffice-langpack-id,库,库,工具
libreoffice-langpack-kk,库,库,工具
libreoffice-langpack-lt,库,库,工具
libreoffice-langpack-lv,库,库,工具
libreoffice-langpack-nn,库,库,工具
libreoffice-langpack-nr,库,库,工具
libreoffice-langpack-nso,库,库,工具
libreoffice-langpack-pl,库,库,工具
libreoffice-langpack-ro,库,库,工具
libreoffice-langpack-sr,库,库,工具
libreoffice-langpack-sv,库,库,工具
libreoffice-langpack-ta,库,库,工具
libreoffice-langpack-tn,库,库,工具
libreoffice-langpack-uk,库,库,工具
libreoffice-langpack-ve,库,库,工具
libreoffice-langpack-xh,库,库,工具
libreoffice-langpack-zu,库,库,工具
libreport,库,库,工具
libreport-plugin-reportuploader,库,库,工具
libreport-plugin-rhtsupport,库,库,服务
libreport-plugin-ureport,库,库,服务
libreport-web,库,库,服务
python3-libreport,库,库,工具
libselinux-utils,库,库,工具
python3-libsemanage,库,库,工具
python3-libstoragemgmt,库,库,工具
libvarlink-util,库,库,工具
libvirt-wireshark,服务,服务,库
llvm-googletest,工具,工具,库
lm_sensors,工具,工具,服务
lshw,工具,工具,库
ltrace,工具,工具,库
device-mapper-libs,库,库,工具
lvm2-libs,库,库,工具
mariadb,服务,服务,工具
mariadb-backup,服务,服务,工具
mariadb-common,服务,服务,工具
mariadb-embedded,服务,服务,工具
mariadb-oqgraph-engine,服务,服务,工具
mariadb-server-utils,服务,服务,工具
maven-monitor,工具,工具,库
maven,工具,工具,库
maven-doxia,工具,工具,库
maven-plugin-bundle,工具,工具,库
maven-plugin-testing-tools,工具,工具,库
maven-plugin-tools-beanshell,工具,工具,库
maven-plugin-tools-generators,工具,工具,库
maven-script-beanshell,工具,工具,库
maven-resolver-connector-basic,工具,工具,库
maven-resolver-transport-wagon,工具,工具,库
maven-resolver-util,工具,工具,库
maven-resolver-test-util,工具,工具,库
memstrack,工具,工具,库
mercurial,工具,工具,库
mesa-filesystem,库,库,工具
microcode_ctl,工具,工具,服务
mingw32-bzip2,工具,工具,库
mingw32-bzip2-static,工具,工具,库
mingw64-bzip2,工具,工具,库
mingw64-bzip2-static,工具,工具,库
mingw32-freetype,工具,工具,库
mingw64-freetype,工具,工具,库
mingw64-gstreamer1,库,库,服务
mingw32-libpng,库,库,服务
mingw64-libtiff,库,库,服务
mockito-javadoc,库,库,工具
mod_auth_openidc,库,库,服务
modulemd-tools,工具,工具,库
mstflint,工具,工具,库
munge,工具,工具,服务
mysql-common,服务,服务,工具
nbdkit,工具,工具,库
ncompress,工具,工具,库
ndctl-libs,库,库,工具
nginx-filesystem,服务,服务,工具
nispor,库,库,工具
nmap,工具,工具,库
nss,库,库,工具
nss-sysinit,库,库,工具
numatop,工具,工具,库
nvmetcli,工具,工具,服务
objenesis-javadoc,库,库,工具
openldap,服务,服务,库
openldap-clients,服务,服务,库
opensm,工具,工具,服务
openssh,服务,服务,工具
openssh-askpass,服务,服务,工具
open-vm-tools,工具,工具,服务
osgi-annotation-javadoc,库,库,工具
ostree-libs,库,库,工具
p11-kit-trust,工具,工具,库
parfait-javadoc,库,库,工具
pcm,库,库,工具
pcp,服务,服务,工具
pcp-libs,库,库,服务
pcs-snmp,工具,工具,服务
pentaho-reporting-flow-engine,库,库,工具
perl-IO-Zlib,库,库,工具
perl-App-cpanminus,库,库,工具
perl-CPAN,库,库,工具
perl-homedir,库,库,工具
perl-Module-Build,库,库,工具
perl-podlators,库,库,工具
perl-Pod-Perldoc,库,库,工具
perl-XML-Twig,库,库,工具
pki-server,服务,服务,工具
pki-tools,服务,服务,工具
plasma-breeze-common,工具,工具,库
plexus-interactivity,库,库,工具
plymouth-graphics-libs,库,库,工具
polkit-libs,库,库,工具
portreserve,工具,工具,库
postfix-perl-scripts,工具,工具,库
postgresql-docs,服务,服务,工具
postgresql-upgrade,服务,服务,工具
postgresql-jdbc-javadoc,库,库,工具
potrace,工具,工具,库
ps_mem,工具,工具,库
pulseaudio-libs,库,库,工具
pulseaudio-libs-glib2,库,库,工具
python2,工具,工具,库
python2-setuptools,工具,工具,库
python38-pip,库,库,工具
python39-pip,库,库,工具
python2-funcsigs,库,库,工具
python3-humanize,库,库,工具
python3-jsonschema,库,库,服务
python2-mock,库,库,工具
python3-pexpect,库,库,工具
python3-pyasn1-modules,库,库,工具
python3-pyudev,库,库,工具
python2-requests,库,库,工具
python3-rpmfluff,库,库,工具
python3-semantic_version,库,库,工具
python3-sphinx-theme-alabaster,库,库,工具
python3-urllib3,库,库,工具
python38-urllib3,库,库,工具
python3-varlink,库,库,服务
python38-wheel,库,库,工具
python3-pytz,库,库,工具
python38-pytz,库,库,工具
qt5-qtbase,库,库,工具
qt5-qtserialport,库,库,工具
qt5-assistant,库,库,工具
qt5-doctools,库,库,工具
libibverbs-utils,库,库,工具
librdmacm,库,库,工具
rdma-core,库,库,工具
rig,工具,工具,库
rpm-plugin-selinux,库,库,服务
rpm-plugin-syslog,库,库,服务
rust-analysis,工具,工具,库
rust-std-static-wasm32-unknown-unknown,库,库,工具
rust-std-static-wasm32-wasi,库,库,工具
samba-pidl,工具,工具,库
samba-winbind-krb5-locator,服务,服务,库
sane-backends,工具,工具,库
sanlk-reset,服务,服务,工具
sbd,库,库,服务
scl-utils-build,工具,工具,库
python3-scons,工具,工具,库
selinux-policy,工具,工具,服务
setserial,工具,工具,库
setup,服务,服务,工具
sisu-javadoc,库,库,工具
sisu-mojos-javadoc,库,库,工具
spice-glib,库,库,服务
spice-gtk,库,库,服务
sssd-common,服务,服务,工具
sssd-dbus,服务,服务,工具
sssd-krb5-common,服务,服务,工具
sssd-proxy,服务,服务,库
startdde,工具,工具,服务
stratisd,服务,服务,工具
subversion-libs,库,库,工具
subversion-perl,库,库,工具
swtpm,库,库,服务
symlinks,工具,工具,库
syslinux,工具,工具,库
system-config-printer-udev,库,库,工具
system-lsb-core,服务,服务,工具
tang,服务,服务,工具
targetcli,工具,工具,服务
texinfo,工具,工具,库
tigervnc-server,服务,服务,工具
tix,工具,工具,库
tmpwatch,工具,工具,库
tomcatjss,库,库,工具
torque,服务,服务,工具
trace-cmd,工具,工具,库
ttmkfdir,工具,工具,库
tuned-gtk,服务,服务,工具
udisks2-iscsi,工具,工具,库
udisks2-lvm2,工具,工具,库
units,工具,工具,库
usbguard,库,库,工具
usbguard-dbus,库,库,工具
virtio-win,工具,工具,服务
virt-install,工具,工具,库
virt-top,工具,工具,服务
virt-v2v-man-pages-ja,工具,工具,服务
virt-v2v-man-pages-uk,工具,工具,服务
wpa_supplicant,工具,工具,服务
wsmancli,工具,工具,库
x3270-text,工具,工具,库
xerces-j2-javadoc,库,库,工具
xfsdump,工具,工具,库
xfsprogs,工具,工具,库
xmvn-minimal,库,库,工具
xorg-x11-apps,服务,服务,工具
xorg-x11-font-utils,工具,工具,库
xorg-x11-server-common,服务,服务,库
xorg-x11-server-Xdmx,服务,服务,工具
xorg-x11-server-Xvfb,服务,服务,库
xorg-x11-utils,工具,工具,库
xorg-x11-xinit-session,服务,服务,其它
xz-lzma-compat,库,库,工具
xz-java-javadoc,库,库,工具
ypserv,服务,服务,工具
zssh,工具,工具,库
zvbi,其它,其它,库
"Bow 分类错误, df 分类正确"
389-ds-base,工具,库,工具
abrt,库,工具,库
abrt-addon-coredump-helper,工具,库,工具
abrt-gui-libs,库,服务,库
accountsservice,服务,工具,服务
adobe-mappings-cmap-deprecated,工具,其它,工具
alsa-plugins-pulseaudio,服务,库,服务
amanda-libs,库,服务,库
anaconda-core,工具,服务,工具
anolis-epao-release,服务,其它,服务
anolis-gpg-keys,服务,工具,服务
anolis-release,服务,工具,服务
anolis-repos,服务,工具,服务
ant-contrib,库,工具,库
apache-ivy,库,工具,库
apr-util-bdb,工具,库,工具
aqute-bnd,库,工具,库
atlas,库,工具,库
audispd-plugins,工具,服务,工具
bash-completion,工具,服务,工具
biosdevname,工具,库,工具
boost-examples,库,其它,库
boost-mpich,库,工具,库
booth-arbitrator,工具,服务,工具
booth-core,工具,库,工具
brasero-libs,库,服务,库
brotli,库,工具,库
byteman-javadoc,工具,库,工具
ca-certificates,工具,服务,工具
cairo,库,服务,库
cairo-gobject,库,服务,库
cairomm,库,服务,库
cglib-javadoc,库,工具,库
cheese,工具,服务,工具
chkconfig,工具,库,工具
ntsysv,工具,库,工具
clevis-dracut,工具,其它,工具
cloud-init,服务,工具,服务
clufter-cli,工具,库,工具
clutter-gst3,库,服务,库
cmake-gui,工具,库,工具
cockpit-ws,服务,库,服务
cogl,库,服务,库
colord-gtk,库,服务,库
compat-openssl10,库,工具,库
containernetworking-plugins,服务,其它,服务
coreutils-common,工具,服务,工具
cronie-anacron,工具,服务,工具
cronie-noanacron,工具,服务,工具
cyrus-sasl-ldap,库,服务,库
cyrus-sasl-ntlm,库,服务,库
python2-Cython,库,工具,库
dbus-tools,工具,库,工具
dde-dock,服务,库,服务
dde-desktop,服务,库,服务
dde-disk-mount-plugin,服务,工具,服务
dde-kwin,服务,工具,服务
dde-network-utils,服务,库,服务
deepin-default-settings,服务,工具,服务
deepin-log-viewer,服务,工具,服务
deepin-terminal,服务,工具,服务
desktop-file-utils,工具,库,工具
dialog,库,工具,库
libcollection,库,工具,库
directory-maven-plugin,库,工具,库
dnf,工具,其它,工具
docbook-dtds,工具,服务,工具
docbook-style-xsl,工具,服务,工具
dotnet-sdk-3.0,库,工具,库
dvd+rw-tools,工具,库,工具
libdwarves1,库,工具,库
elfutils-libelf,库,工具,库
esc,工具,库,工具
evince-libs,库,服务,库
evolution-bogofilter,工具,服务,工具
evolution-langpacks,工具,服务,工具
evolution-pst,工具,服务,工具
evolution-spamassassin,工具,服务,工具
evolution-data-server,工具,服务,工具
evolution-ews,工具,服务,工具
f32-backgrounds-animated,工具,服务,工具
farstream02,库,服务,库
felix-gogo-runtime,库,工具,库
fence-virtd,服务,库,服务
fence-virtd-multicast,服务,库,服务
fence-virtd-tcp,服务,库,服务
fdo-admin-cli,工具,服务,工具
fdo-init,工具,库,工具
fdo-owner-cli,工具,库,工具
fdo-rendezvous-server,工具,库,工具
file-roller,工具,库,工具
firewalld,服务,工具,服务
flatpak-builder,工具,库,工具
fltk,库,服务,库
fontforge,工具,库,工具
forge-parent,库,工具,库
freeipmi-ipmidetectd,工具,服务,工具
freeradius-perl,库,服务,库
freeradius-utils,库,工具,库
python3-freeradius,库,服务,库
frei0r-plugins-opencv,库,服务,库
fuse-common,工具,其它,工具
fwupdate-efi,工具,库,工具
libquadmath,库,工具,库
gcc-toolset-10-runtime,工具,服务,工具
gcc-toolset-10-gdb,工具,库,工具
gcc-toolset-10-gdb-gdbserver,工具,库,工具
gcc-toolset-10-systemtap-server,工具,服务,工具
gcc-toolset-11-runtime,工具,服务,工具
gcc-toolset-11-gdb,工具,库,工具
gcc-toolset-11-strace,工具,库,工具
gcc-toolset-9-runtime,工具,服务,工具
gcc-toolset-9-systemtap-client,工具,服务,工具
GConf2,工具,库,工具
gcr,库,服务,库
gd,库,服务,库
gegl,库,服务,库
gegl04,库,服务,库
ghc-srpm-macros,库,服务,库
gimp-devel-tools,库,服务,库
gimp-libs,库,服务,库
git-core,工具,服务,工具
git-credential-libsecret,工具,库,工具
glade-libs,库,服务,库
glassfish-el,库,工具,库
glibc-headers,库,工具,库
glibc-locale-source,库,工具,库
glusterfs-fuse,工具,服务,工具
glusterfs-libs,库,服务,库
golang-src,库,工具,库
google-guice-javadoc,库,工具,库
guice-extensions,库,工具,库
gpac,库,工具,库
gpac-libs,库,服务,库
gstreamer1-plugins-bad-free,库,服务,库
gupnp-dlna,库,服务,库
HdrHistogram,库,工具,库
libsane-hpaio,库,服务,库
httpcomponents-client,库,服务,库
http-parser,库,服务,库
hwloc,库,工具,库
hyperv-daemons-license,服务,其它,服务
ibus-setup,工具,服务,工具
ibus-table-chinese-cangjie,工具,其它,工具
ibus-table-chinese-scj,工具,其它,工具
ima-evm-utils,工具,库,工具
imlib2,库,工具,库
imlib2-id3tag-loader,库,工具,库
python3-ipalib,库,服务,库
iproute,工具,库,工具
iptables-ebtables,工具,其它,工具
iptables-services,服务,工具,服务
iscsi-initiator-utils,服务,工具,服务
jack-audio-connection-kit-example-clients,库,服务,库
jakarta-commons-httpclient,库,服务,库
java-1.8.0-alibaba-dragonwell-fastdebug,库,服务,库
java-1.8.0-openjdk-headless-fastdebug,库,工具,库
java-11-openjdk-jmods-slowdebug,库,工具,库
java-17-openjdk-slowdebug,库,工具,库
javacc-javadoc,工具,库,工具
javapackages-local,库,工具,库
maven-local,库,工具,库
jbigkit-libs,库,工具,库
jdom2,库,工具,库
jimtcl,库,工具,库
keentuned,服务,工具,服务
keentune-ui,工具,其它,工具
kf5-filesystem,工具,库,工具
kf5-frameworkintegration,工具,库,工具
kf5-kconfig-core,工具,服务,工具
kf5-kconfigwidgets,工具,服务,工具
kf5-kdelibs4support,工具,库,工具
kf5-kdoctools,工具,服务,工具
kf5-kemoticons,工具,服务,工具
kf5-ki18n,工具,库,工具
kf5-kio-core,工具,服务,工具
kf5-kio-widgets-libs,工具,服务,工具
kf5-knotifications,工具,库,工具
kf5-kparts,工具,服务,工具
kf5-kwallet,工具,服务,工具
kf5-kxmlgui,工具,服务,工具
kf5-solid,工具,服务,工具
kf5-sonnet-ui,工具,库,工具
krb5-server,服务,工具,服务
libknet1-crypto-plugins-all,库,工具,库
kwin,服务,工具,服务
latex2html,工具,库,工具
ledmon,工具,库,工具
libaec,库,工具,库
libbluray,库,服务,库
libbpf,库,工具,库
libchamplain,库,服务,库
libdazzle,库,服务,库
libdnet,库,工具,库
libeasyfc-gobject,库,工具,库
libecpg,库,工具,库
libedit,库,工具,库
libevent,库,工具,库
libfprint,库,服务,库
lua-guestfs,库,服务,库
libhugetlbfs,库,工具,库
libhugetlbfs-utils,库,工具,库
idn2,库,工具,库
libiscsi-utils,库,工具,库
libjpeg-turbo-utils,库,工具,库
libkcapi,库,其它,库
libldb,库,服务,库
libmatchbox,库,服务,库
libmemcached,库,工具,库
libmemcached-libs,库,工具,库
libmspack,库,工具,库
libnsl2,库,服务,库
libotf,库,工具,库
libpinyin-data,库,工具,库
libpq,库,工具,库
libpsl,库,工具,库
qtxdg-tools,库,服务,库
libreofficekit,库,服务,库
libreoffice-langpack-bg,库,工具,库
libreoffice-langpack-dz,库,其它,库
libreoffice-langpack-es,库,工具,库
libreoffice-langpack-ja,库,其它,库
libreoffice-langpack-mai,库,其它,库
librsvg2,库,服务,库
libsepol-static,库,其它,库
libssh,库,工具,库
libthai,库,工具,库
libtimezonemap,库,服务,库
libupnp,库,工具,库
libuser,库,服务,库
libverto-libevent,库,工具,库
libvirt-daemon-driver-storage-gluster,服务,库,服务
libvirt-daemon-driver-storage-logical,服务,库,服务
libvirt-docs,服务,库,服务
libvirt-glib,库,服务,库
libvirt-gobject,库,服务,库
libvncserver,库,服务,库
libvoikko,库,工具,库
libXau,库,服务,库
libXfont2,库,工具,库
libXft,库,工具,库
libXp,库,服务,库
lightdm-qt5,库,服务,库
llvm-toolset,工具,服务,工具
log4j12,库,工具,库
log4j,库,工具,库
logwatch,工具,服务,工具
lorax-composer,工具,服务,工具
lorax-lmc-virt,工具,服务,工具
lua,库,工具,库
lua-posix,库,工具,库
device-mapper,工具,库,工具
device-mapper-event,工具,库,工具
device-mapper-event-libs,工具,库,工具
lvm2,工具,服务,工具
lvm2-dbusd,服务,工具,服务
malaga-suomi-voikko,工具,服务,工具
mallard-rng,工具,服务,工具
mariadb-connector-odbc,库,工具,库
matchbox-window-manager,工具,服务,工具
maven-antrun-plugin-javadoc,工具,库,工具
maven-artifact-transfer,工具,库,工具
maven-dependency-plugin,工具,库,工具
maven-filtering-javadoc,工具,库,工具
maven-invoker-plugin,工具,库,工具
maven-plugin-build-helper,工具,库,工具
maven-plugin-tools-annotations,工具,库,工具
mecab-ipadic,工具,其它,工具
mecab-ipadic-EUCJP,工具,其它,工具
glx-utils,库,工具,库
mingw64-cairo,工具,库,工具
mingw-filesystem-base,工具,服务,工具
mingw64-fontconfig,工具,服务,工具
mingw32-readline,库,工具,库
mingw64-readline,库,工具,库
mod_security_crs,库,服务,库
mozilla-filesystem,库,工具,库
python3-mpich,库,工具,库
mpitests-mpich,库,工具,库
mpv,工具,服务,工具
multilib-rpm-config,工具,服务,工具
nbdkit-tmpdisk-plugin,工具,库,工具
ncurses,库,工具,库
ncurses-libs,库,工具,库
neon,库,服务,库
nerdctl,工具,库,工具
net-snmp-agent-libs,库,服务,库
nginx-mod-http-image-filter,服务,库,服务
nginx-mod-http-xslt-filter,服务,库,服务
nodejs-full-i18n,库,工具,库
nodejs-nodemon,库,工具,库
nss_nis,库,服务,库
nss_wrapper,库,工具,库
python2-numpy-f2py,库,工具,库
nvme-cli,工具,库,工具
ocaml,库,工具,库
ocaml-camlp4,库,其它,库
ocaml-cppo,库,工具,库
ocaml-findlib,库,工具,库
ocaml-labltk,库,工具,库
onboard,工具,库,工具
onboard-data,工具,库,工具
opa-address-resolution,工具,服务,工具
opa-basic-tools,工具,库,工具
opencryptoki-swtok,库,服务,库
opensc,库,服务,库
openscap,库,服务,库
open-vm-tools-desktop,工具,服务,工具
open-vm-tools-sdmp,工具,库,工具
osbuild,工具,服务,工具
oscap-anaconda-addon,工具,库,工具
os-maven-plugin,库,工具,库
owasp-java-encoder,库,工具,库
p7zip,工具,库,工具
pango,库,工具,库
paps-libs,库,工具,库
parted,工具,库,工具
pcp-export-zabbix-agent,服务,库,服务
pcp-import-collectl2pcp,服务,库,服务
pcp-import-mrtg2pcp,服务,库,服务
pcs,工具,服务,工具
perftest,工具,库,工具
perl-Locale-Maketext-Simple,库,工具,库
perl-utils,库,工具,库
perl-ph,库,工具,库
perl-Archive-Tar,库,工具,库
perl-DBD-MySQL,库,工具,库
perl-Encode,库,工具,库
perl-ExtUtils-Install,库,工具,库
perl-ExtUtils-ParseXS,库,工具,库
perl-File-Fetch,库,工具,库
perl-Getopt-Long,库,工具,库
perl-HTTP-Date,库,服务,库
perl-IO-HTML,库,工具,库
perl-JSON-PP,库,工具,库
perl-JSON-XS,库,工具,库
perl-Mozilla-LDAP,库,服务,库
perl-Net-DNS,库,工具,库
perl-Net-HTTP,库,服务,库
perl-Package-Stash,库,工具,库
perl-Software-License,库,工具,库
perl-String-ShellQuote,库,工具,库
perl-Sys-Virt,库,服务,库
perl-Test-Pod-Coverage,库,工具,库
perl-Text-Unidecode,库,工具,库
perltidy,库,工具,库
pesign,工具,服务,工具
pgaudit,库,工具,库
php-dbg,库,工具,库
php-gd,库,服务,库
php-ldap,库,服务,库
php-odbc,库,工具,库
php-pgsql,库,工具,库
php-snmp,库,服务,库
php-pecl-apcu,库,工具,库
php-pecl-rrd,库,服务,库
php-pecl-xdebug3,库,工具,库
pinentry,工具,库,工具
pipewire-utils,工具,库,工具
pki-kra,服务,工具,服务
plasma-breeze,工具,库,工具
plexus-compiler-pom,库,工具,库
plexus-component-factories-pom,库,工具,库
plexus-components-pom,库,工具,库
plexus-interpolation,库,工具,库
plexus-pom,库,工具,库
plexus-velocity,库,工具,库
podman-catatonit,工具,服务,工具
policycoreutils,工具,服务,工具
policycoreutils-newrole,工具,服务,工具
policycoreutils-sandbox,工具,库,工具
poppler,库,服务,库
poppler-glib,库,服务,库
postfix,工具,服务,工具
postfix-ldap,工具,服务,工具
postgresql-jdbc,库,工具,库
postgresql-odbc,库,工具,库
ppp,服务,工具,服务
psmisc,工具,库,工具
pstoedit,工具,库,工具
pulseaudio-utils,工具,库,工具
python3-pyatspi,库,服务,库
python3-gobject,库,服务,库
python2-libs,库,服务,库
python2-cairo,库,服务,库
python2-rpm-macros,库,其它,库
python3-tkinter,库,工具,库
python36,工具,库,工具
python38,库,工具,库
python39,库,工具,库
python39-libs,库,服务,库
python39-tkinter,库,工具,库
python38-atomicwrites,库,服务,库
blivet-data,库,工具,库
python2-docs,库,工具,库
python3-docs,库,工具,库
python3-evdev,库,工具,库
python3-linux-procfs,库,工具,库
python3-meh-gui,库,服务,库
python3-networkx,库,工具,库
python2-nose,库,工具,库
python3-pid,库,工具,库
python3-pip,库,工具,库
python38-pluggy,库,工具,库
python39-pluggy,库,工具,库
python3-pluggy,库,工具,库
python2-pluggy,库,工具,库
python38-psutil,库,工具,库
python39-psutil,库,工具,库
python2-psycopg2,库,工具,库
python38-psycopg2,库,工具,库
python39-psycopg2,库,工具,库
python2-PyMySQL,库,其它,库
python-qt5-rpm-macros,库,服务,库
python3-rpm-macros,库,工具,库
python-rpm-macros,库,工具,库
python-srpm-macros,库,其它,库
python3-sphinx,库,工具,库
python3-sphinxcontrib-websupport,库,工具,库
python2-virtualenv,库,工具,库
python3-pywbem,库,服务,库
qatengine,工具,服务,工具
qemu-kvm,工具,服务,工具
qemu-kvm-core,工具,服务,工具
qemu-kvm-hw-usbredir,工具,服务,工具
qt5-srpm-macros,库,服务,库
qt5-qt3d,库,服务,库
qt5-qtbase-common,库,服务,库
qt5-qtcanvas3d,库,服务,库
qt5-qtconnectivity,库,服务,库
qt5-qtserialport-examples,库,服务,库
qt5-qtsvg,库,服务,库
qt5-linguist,库,工具,库
qt5-qttools-common,库,工具,库
qt5-qtvirtualkeyboard,库,工具,库
qt5-qtvirtualkeyboard-examples,库,工具,库
qt5-qtxmlpatterns-examples,库,服务,库
srp_daemon,库,其它,库
rear,工具,服务,工具
rpm-sign,库,服务,库
rpm-ostree,工具,服务,工具
python3-rrdtool,库,服务,库
rrdtool-perl,库,服务,库
rrdtool-ruby,库,服务,库
rubygem-minitest,库,工具,库
rubygem-net-telnet,库,工具,库
rubygem-rdoc,库,工具,库
rubygem-rspec-mocks,库,服务,库
rls,库,服务,库
rust-lldb,工具,其它,工具
rust-srpm-macros,库,服务,库
libwbclient,库,服务,库
samba-libs,库,服务,库
satyr,库,工具,库
sblim-sfcb,库,工具,库
sblim-wbemcli,库,工具,库
scap-security-guide,工具,服务,工具
scap-workbench,工具,服务,工具
ptscotch-mpich,库,工具,库
scrub,库,工具,库
seabios,工具,库,工具
sed,工具,库,工具
python3-setools,工具,库,工具
sgml-common,工具,服务,工具
shadow-utils,工具,服务,工具
slf4j-log4j12,库,工具,库
sombok,库,工具,库
sos-collector,工具,库,工具
python3-speechd,库,服务,库
spice-gtk3,库,服务,库
ssar,工具,服务,工具
python3-sss,库,服务,库
sssd-krb5,服务,库,服务
spax,工具,库,工具
strace,工具,库,工具
stratisd-dracut,服务,工具,服务
stunnel,库,服务,库
python3-subversion,工具,服务,工具
SuperLU,库,工具,库
systemtap-runtime,工具,服务,工具
tesseract,工具,库,工具
texlive-xdvi,工具,库,工具
tpm2-tools,工具,库,工具
kernelshark,工具,服务,工具
tss2,工具,库,工具
ucx,库,工具,库
ucx-cma,库,工具,库
unrar,工具,库,工具
upower,服务,工具,服务
usbguard-tools,工具,库,工具
usermode,工具,库,工具
util-linux-user,工具,服务,工具
vamp-plugin-sdk-static,库,其它,库
vim-X11,工具,服务,工具
virt-v2v,工具,服务,工具
volume_key-libs,工具,服务,工具
vte291,库,服务,库
vulkan-loader,库,工具,库
wget,工具,服务,工具
xhtml1-dtds,工具,服务,工具
xkeyboard-config,库,工具,库
xmlsec1-gnutls,库,服务,库
xmvn-connector-aether,库,工具,库
xmvn-mojo,库,工具,库
xmvn-resolve,库,工具,库
xmvn-subst,库,工具,库
xorg-x11-drv-intel,服务,库,服务
xorg-x11-drv-qxl,服务,库,服务
xterm,工具,服务,工具
yelp-tools,工具,服务,工具
yelp-xsl,工具,其它,工具
zvbi-fonts,其它,工具,其它
"Bow 分类错误, df 分类错误"
389-ds-base-legacy-tools,工具,库,库
389-ds-base-snmp,工具,服务,服务
python3-lib389,库,服务,工具
abrt-dbus,服务,工具,工具
abrt-desktop,服务,工具,工具
abrt-gui,工具,服务,服务
abrt-plugin-sosreport,工具,服务,服务
python3-abrt,库,工具,工具
python3-abrt-addon,库,服务,工具
python3-abrt-container-addon,库,工具,工具
accel-config,工具,库,库
accountsservice-libs,库,服务,工具
acl,工具,库,库
adcli,工具,服务,服务
adobe-mappings-cmap,工具,其它,其它
adwaita-cursor-theme,工具,服务,服务
adwaita-icon-theme,工具,服务,服务
aide,工具,库,库
alsa-ucm,库,工具,服务
alsa-plugins-arcamav,服务,库,库
alsa-plugins-maemo,服务,库,库
alsa-plugins-oss,服务,库,库
alsa-plugins-samplerate,服务,库,库
alsa-plugins-speex,服务,库,库
alsa-plugins-upmix,服务,库,库
alsa-plugins-usbstream,服务,库,库
alsa-plugins-vdownmix,服务,库,库
alsa-sof-firmware,服务,其它,其它
alsa-tools-firmware,工具,服务,库
alsa-utils,工具,库,库
alsa-utils-alsabat,工具,库,库
amanda-client,工具,服务,服务
amanda-server,服务,工具,工具
anaconda-gui,工具,服务,服务
anaconda-widgets,工具,服务,库
anolis-backgrounds,服务,工具,工具
anolis-logos,服务,工具,工具
anolis-logos-httpd,服务,其它,工具
anolis-logos-ipa,服务,其它,工具
ansible-collection-microsoft-sql,工具,服务,服务
ansible-pcp,工具,服务,服务
ant,工具,库,库
ant-manual,库,工具,工具
ant-testutil,工具,库,库
antlr-C++,库,其它,工具
antlr-manual,库,工具,工具
antlr-tool,工具,库,库
aopalliance-javadoc,库,工具,工具
apache-commons-cli-javadoc,库,工具,工具
apache-commons-codec-javadoc,库,工具,工具
apache-commons-compress-javadoc,库,工具,工具
apache-commons-io-javadoc,库,工具,工具
apache-commons-lang-javadoc,库,工具,工具
apache-commons-lang3-javadoc,库,工具,工具
apache-commons-logging-javadoc,库,工具,工具
apache-commons-net-javadoc,库,工具,工具
apache-parent,库,工具,工具
appstream-data,库,服务,工具
apr,库,工具,工具
apr-util-ldap,工具,库,库
apr-util-mysql,工具,库,库
apr-util-odbc,工具,库,库
apr-util-openssl,工具,库,库
apr-util-sqlite,工具,库,库
aqute-bnd-javadoc,库,工具,工具
arpwatch,工具,服务,服务
assertj-core-javadoc,库,工具,工具
atinject-javadoc,库,工具,工具
at-spi2-atk,工具,库,库
audispd-plugins-zos,工具,服务,服务
audit,工具,服务,服务
authselect-libs,库,工具,工具
python3-avahi,库,服务,服务
babel,工具,库,库
babl-devel-docs,库,工具,工具
baobab,工具,服务,库
basesystem,服务,工具,库
python3-bcc,库,工具,工具
bcel-javadoc,库,工具,工具
bind-license,服务,其它,其它
bind-pkcs11-libs,服务,库,库
bind-utils,工具,服务,服务
bind9.16-license,服务,其它,其它
bind-dyndb-ldap,服务,库,库
bison-runtime,工具,其它,库
bluez-cups,工具,服务,服务
bluez-obexd,服务,工具,工具
bogofilter,工具,库,库
bolt,服务,工具,工具
boom-boot,工具,服务,服务
boom-boot-conf,工具,服务,服务
boom-boot-grub2,工具,服务,服务
python3-boom,工具,服务,服务
brasero,工具,服务,服务
brasero-nautilus,工具,服务,库
brlapi,库,工具,工具
brltty,库,服务,服务
brltty-docs,库,服务,工具
brltty-dracut,库,工具,工具
brltty-espeak-ng,库,服务,工具
brltty-xw,库,服务,工具
bsh-javadoc,库,工具,工具
bsh-manual,库,工具,工具
byzanz,工具,服务,服务
c2esp,库,工具,服务
cal10n-javadoc,库,工具,工具
cdrdao,工具,库,库
dirsplit,库,工具,工具
genisoimage,库,工具,工具
librbd1,库,工具,工具
cheese-libs,库,服务,服务
chrpath,工具,库,库
cifs-utils,工具,服务,服务
clang,工具,库,库
clang-resource-filesystem,库,工具,工具
git-clang-format,库,工具,工具
clevis-systemd,工具,其它,其它
clevis-udisks2,工具,库,库
clufter-bin,工具,库,库
clufter-common,库,其它,其它
clufter-lib-ccs,库,服务,工具
clufter-lib-general,库,工具,工具
clufter-lib-pcs,库,服务,工具
clutter-gst2,库,服务,工具
cmake,工具,库,库
cmake-filesystem,工具,库,库
cockpit,库,服务,服务
cockpit-bridge,工具,库,服务
cockpit-system,库,服务,服务
cockpit-machines,库,服务,服务
cockpit-packagekit,库,服务,服务
cockpit-pcp,库,服务,服务
cockpit-storaged,库,工具,服务
cockpit-composer,库,服务,服务
cockpit-podman,库,服务,服务
cockpit-session-recording,库,服务,服务
colord,服务,工具,工具
colord-devel-docs,库,工具,服务
color-filesystem,库,工具,工具
compat-exiv2-026,工具,库,库
compiler-rt,工具,库,库
containerd,服务,工具,工具
containerd-stress,工具,库,服务
container-exception-logger,服务,工具,工具
aardvark-dns,服务,库,库
container-selinux,库,工具,服务
coreos-installer-bootinfra,工具,库,库
coreutils-single,工具,库,库
spausedd,库,其它,服务
cppcheck,工具,库,库
cracklib,库,工具,工具
cracklib-dicts,库,工具,工具
crash-gcore-command,工具,库,库
crash-ptdump-command,工具,库,库
crash-trace-command,工具,库,库
createrepo_c,工具,库,库
cri-tools,工具,库,库
criu,工具,库,库
crypto-policies,工具,服务,服务
cryptsetup,工具,库,库
cryptsetup-reencrypt,工具,库,库
integritysetup,工具,库,库
veritysetup,工具,库,库
cups-client,工具,服务,服务
cups-filesystem,服务,工具,工具
cups-ipptool,工具,服务,服务
cups-filters,库,服务,服务
cups-filters-libs,库,服务,服务
libcurl,库,服务,服务
cyrus-imapd-vzic,工具,服务,库
cyrus-sasl,库,服务,工具
cyrus-sasl-gs2,库,服务,服务
cyrus-sasl-gssapi,库,服务,服务
cyrus-sasl-lib,库,服务,服务
cyrus-sasl-md5,库,服务,服务
cyrus-sasl-plain,库,服务,服务
cyrus-sasl-scram,库,服务,服务
cyrus-sasl-sql,库,服务,工具
dav1d,工具,库,库
dbus-common,其它,服务,服务
dbus-daemon,其它,服务,服务
dbus-x11,工具,库,服务
dconf,工具,库,库
dconf-editor,工具,库,库
dcraw,工具,库,库
dde-device-formatter,服务,库,工具
dde-qt5wayland-plugin,服务,工具,工具
dde-qt5xcb-plugin,服务,库,库
dde-qt-dbus-factory,服务,库,库
dde-server-industry-config,服务,工具,库
deepin-anything-dkms,服务,库,工具
deepin-boot-maker,服务,工具,工具
deepin-compressor,服务,库,工具
deepin-diskmanager,服务,工具,工具
deepin-fcitxconfigtool-plugin,服务,库,库
deepin-gettext-tools,服务,工具,库
deepin-image-viewer,服务,库,工具
deepin-manual,服务,库,库
deepin-menu,服务,库,工具
libqtermwidget5,服务,库,库
libqtermwidget5-data,服务,库,库
devhelp,工具,服务,服务
devhelp-libs,库,服务,服务
device-mapper-persistent-data,工具,库,库
dhcp-client,工具,服务,服务
disomaster,工具,库,库
disruptor,工具,库,库
dleyna-server,服务,库,库
dmidecode,工具,库,库
dnf-automatic,工具,其它,服务
yum,工具,服务,库
dnf-plugins-core,工具,库,库
yum-utils,工具,库,库
dnsmasq-utils,工具,库,库
dnssec-trigger,工具,服务,服务
dnssec-trigger-panel,工具,服务,服务
docbook2X,工具,库,库
docbook5-schemas,工具,库,库
docker,服务,工具,工具
dosfstools,工具,库,库
dotnet-sdk-2.1.5xx,库,工具,工具
dotnet-sdk-2.1,库,工具,工具
aspnetcore-targeting-pack-3.0,库,工具,工具
dotnet-targeting-pack-3.0,库,工具,工具
dotnet-templates-3.0,库,其它,工具
aspnetcore-targeting-pack-3.1,库,工具,工具
dotnet-sdk-3.1,库,工具,工具
dotnet-sdk-3.1-source-built-artifacts,库,工具,工具
dotnet-targeting-pack-3.1,库,工具,工具
dotnet-templates-3.1,库,其它,工具
aspnetcore-targeting-pack-5.0,库,工具,工具
dotnet-sdk-5.0,库,工具,工具
dotnet-sdk-5.0-source-built-artifacts,库,工具,工具
dotnet-targeting-pack-5.0,库,工具,工具
dotnet-templates-5.0,库,其它,工具
dotnet5.0-build-reference-packages,库,其它,工具
aspnetcore-targeting-pack-6.0,库,工具,工具
dotnet,库,工具,工具
dotnet-host,库,工具,工具
dotnet-hostfxr-6.0,库,工具,工具
dotnet-sdk-6.0,库,工具,工具
dotnet-targeting-pack-6.0,库,工具,工具
dotnet-templates-6.0,库,工具,工具
netstandard-targeting-pack-2.1,库,工具,工具
dotnet-sdk-6.0-source-built-artifacts,库,工具,工具
dotnet-build-reference-packages,库,其它,其它
dovecot-mysql,库,服务,工具
dovecot-pgsql,库,工具,工具
dovecot-pigeonhole,库,服务,工具
doxygen-doxywizard,工具,库,库
dpa-ext-gnomekeyring,工具,库,服务
dropwatch,工具,库,库
dtc,库,工具,工具
dtkcommon,工具,库,库
dtkcore,工具,库,库
dtkgui,工具,库,库
dump,工具,库,库
e2fsprogs,工具,库,库
eclipse-equinox-osgi,工具,库,库
eclipse-jdt,工具,库,库
eclipse-pde,工具,库,库
eclipse-platform,工具,库,库
eclipse-swt,工具,服务,库
eclipse-ecf-core,工具,服务,库
eclipse-ecf-runtime,工具,库,库
eclipse-emf-core,工具,库,库
eclipse-emf-xsd,工具,库,库
edk2-ovmf,库,其它,其它
efibootmgr,工具,库,库
efi-srpm-macros,库,工具,工具
efivar,其它,库,库
elfutils-default-yama-scope,工具,其它,服务
elfutils-devel-static,库,其它,工具
elfutils-libelf-devel-static,库,其它,工具
elfutils-libs,库,工具,工具
elinks,工具,服务,服务
emacs,工具,库,库
emacs-lucid,工具,库,库
emacs-nox,工具,库,库
eog,工具,服务,服务
epel-aliyuncs-next-release,服务,其它,工具
epel-aliyuncs-release,服务,其它,工具
epel-next-release,服务,其它,工具
epel-release,服务,其它,工具
epel-rpm-macros,服务,工具,工具
erofs-fuse,工具,库,库
erofs-utils,工具,库,库
espeak-ng,工具,库,库
evemu,工具,库,库
evince,工具,服务,库
evince-browser-plugin,工具,服务,服务
evince-nautilus,工具,服务,服务
evolution,工具,服务,服务
evolution-help,工具,服务,服务
evolution-ews-langpacks,工具,服务,服务
evolution-mapi,工具,服务,服务
evolution-mapi-langpacks,工具,服务,服务
exec-maven-plugin,工具,库,库
exiv2,工具,库,库
expat,工具,库,库
f32-backgrounds,工具,服务,服务
f32-backgrounds-base,工具,服务,服务
f32-backgrounds-extras-base,工具,服务,其它
f32-backgrounds-extras-gnome,工具,服务,服务
f32-backgrounds-extras-kde,工具,服务,服务
f32-backgrounds-extras-mate,工具,服务,服务
f32-backgrounds-extras-xfce,工具,服务,服务
f32-backgrounds-gnome,工具,服务,服务
f32-backgrounds-kde,工具,服务,服务
f32-backgrounds-mate,工具,服务,服务
f32-backgrounds-xfce,工具,服务,服务
fapolicyd,服务,工具,工具
fcitx-gtk2,工具,库,库
fcitx-gtk3,工具,库,库
fcitx-libs,工具,库,库
fcitx-table,工具,库,库
fcitx-configtool,工具,服务,服务
fcitx-qt5,工具,库,库
felix-parent,库,工具,工具
fence-virtd-cpg,服务,库,库
fetchmail,工具,库,库
ffmpegthumbnailer,工具,服务,库
fftw,库,工具,工具
fdo-manufacturing-server,工具,库,服务
fdo-owner-onboarding-server,工具,库,服务
file,工具,库,库
filesystem,服务,库,其它
firefox,工具,库,库
flatpak-libs,库,服务,服务
flatpak-session-helper,服务,库,库
flatpak-spawn,服务,库,库
flatpak-xdg-utils,工具,库,库
flite,工具,库,库
fontpackages-filesystem,工具,其它,其它
foomatic,服务,库,库
foomatic-db-filesystem,服务,工具,库
fpc-srpm-macros,库,其它,其它
fprintd,服务,库,库
freeipmi,工具,服务,服务
freeipmi-bmc-watchdog,工具,服务,服务
freeipmi-ipmiseld,工具,服务,服务
freeradius-krb5,库,服务,服务
freeradius-ldap,库,服务,服务
freeradius-mysql,库,服务,服务
freeradius-postgresql,库,工具,服务
freeradius-rest,库,服务,服务
freeradius-sqlite,库,服务,服务
freeradius-unixODBC,库,服务,服务
freerdp,工具,库,库
freetype,库,服务,服务
frei0r-plugins,库,服务,服务
frr,工具,服务,库
fuse3,工具,库,库
fuse-exfat,工具,库,库
fuse-overlayfs,服务,工具,工具
fwupdate-libs,库,工具,工具
galera,库,工具,工具
gcc-gdb-plugin,工具,库,库
libitm,库,工具,工具
gcc-python-plugin,工具,库,库
gcc-toolset-10-systemtap-client,工具,服务,服务
libasan6,库,工具,工具
gcc-toolset-11-systemtap-client,工具,服务,服务
gcc-toolset-9-dyninst-static,工具,库,库
gcc-toolset-9-dyninst-testsuite,工具,库,库
gcc-toolset-9-gcc-c++,工具,库,库
gdb-gdbserver,工具,库,库
gdisk,工具,库,库
geoclue2,库,服务,服务
GeoIP-GeoLite-data,库,工具,工具
GeoIP-GeoLite-data-extra,库,工具,工具
geronimo-jms-javadoc,库,工具,工具
geronimo-jpa-javadoc,库,工具,工具
libgs,库,服务,工具
gimp,库,服务,工具
git-all,工具,服务,服务
git-daemon,工具,服务,服务
git-instaweb,工具,服务,服务
perl-Git-SVN,库,工具,工具
glassfish-jsp-api-javadoc,库,工具,工具
glassfish-servlet-api-javadoc,库,工具,工具
glibc-utils,工具,库,库
nscd,库,服务,服务
gl-manpages,库,工具,工具
glusterfs-api,库,服务,服务
glusterfs-cli,工具,服务,库
glusterfs-client-xlators,工具,服务,服务
glusterfs-rdma,库,服务,服务
gnome-bluetooth,服务,库,库
gnome-bluetooth-libs,服务,库,工具
gnome-characters,服务,库,库
gnome-common,服务,工具,工具
gnome-keyring-pam,服务,库,库
gnome-menus,服务,库,库
gnome-online-accounts,服务,库,库
gnome-online-miners,服务,库,库
gnome-screenshot,服务,库,工具
gnome-system-monitor,服务,库,工具
gnupg2,工具,服务,库
gnupg2-smime,工具,库,库
go-compilers-golang-compiler,库,工具,工具
golang-docs,库,工具,工具
golang-misc,库,工具,工具
golang-dbus,库,工具,工具
golang-github-lofanmi-pinyin,库,工具,工具
golang-github-mozillazg-pinyin,库,工具,工具
go-srpm-macros,库,工具,工具
gpm,库,工具,工具
grafana-pcp,服务,工具,工具
graphite2,库,工具,工具
graphviz,工具,库,库
graphviz-gd,工具,服务,服务
greenboot,工具,服务,服务
greenboot-default-health-checks,工具,服务,服务
gsettings-desktop-schemas,工具,服务,服务
gssdp,服务,库,库
gssdp-docs,服务,工具,工具
gstreamer-tools,工具,库,库
gstreamer1-plugins-base,库,服务,服务
gstreamer1-plugins-good-gtk,库,服务,服务
gstreamer1-plugins-ugly-free,库,服务,服务
gtk2,库,服务,工具
gtk3,库,工具,工具
gtksourceview3,工具,服务,服务
gtkspell,工具,服务,服务
gtkspell3,工具,服务,库
gtk-vnc2,工具,服务,服务
gvnc,工具,库,库
guava20-javadoc,库,工具,工具
guile,库,工具,工具
gutenprint-cups,库,服务,服务
gutenprint-libs-ui,库,服务,服务
gutenprint-plugin,库,服务,服务
gvfs,工具,服务,服务
gvfs-afc,工具,服务,服务
gvfs-afp,工具,库,库
gvfs-client,工具,库,库
gvfs-fuse,工具,库,库
gvfs-goa,工具,服务,服务
gvfs-gphoto2,工具,服务,库
gvfs-smb,工具,服务,服务
haproxy,工具,服务,服务
hardlink,工具,库,库
harfbuzz,库,工具,工具
hawtjni,库,工具,工具
hdparm,工具,库,库
helm-bash-completion,服务,工具,工具
helm-fish-completion,服务,工具,工具
helm-zsh-completion,服务,工具,工具
highlight,工具,库,库
highlight-gui,工具,库,库
hplip,工具,服务,服务
hplip-gui,工具,服务,服务
httpcomponents-client-javadoc,库,工具,工具
httpcomponents-core-javadoc,库,工具,工具
httpd-tools,服务,工具,工具
hyphen-be,工具,库,库
hyphen-et,工具,库,库
hyphen-hr,工具,库,库
mythes-lb,工具,库,库
hyphen-nb,工具,库,库
hyphen-nn,工具,库,库
mythes-nb,工具,库,库
mythes-nn,工具,库,库
hyphen-sr,工具,库,库
hwdata,服务,工具,工具
hwloc-gui,库,服务,服务
i2c-tools-perl,工具,库,库
ibus,工具,服务,服务
ibus-devel-docs,库,工具,工具
ibus-gtk2,库,服务,服务
ibus-wayland,工具,库,库
ibus-hangul,工具,库,库
ibus-kkc,工具,服务,服务
ibus-libpinyin,工具,服务,库
ibus-m17n,工具,库,库
ibus-sayura,工具,服务,库
icoutils,工具,库,库
iio-sensor-proxy,工具,库,库
ima-evm-utils0,工具,库,库
imsettings,工具,库,库
imsettings-gsettings,工具,库,库
imsettings-libs,工具,库,库
imsettings-qt,工具,库,库
imsettings-xim,工具,服务,服务
iniparser,工具,库,库
initial-setup-gui,工具,服务,服务
initscripts,服务,工具,工具
netconsole-service,服务,工具,工具
network-scripts,服务,工具,工具
inkscape,工具,服务,库
inkscape-view,工具,库,库
ipa-client,工具,服务,服务
ipa-client-common,工具,服务,服务
ipa-client-epn,工具,服务,服务
ipa-client-samba,工具,服务,服务
ipa-common,工具,服务,服务
ipa-python-compat,库,服务,服务
ipa-selinux,库,服务,服务
python3-ipaclient,库,服务,服务
python3-ipatests,工具,服务,服务
ipa-healthcheck-core,工具,库,库
ipa-healthcheck,工具,服务,服务
iperf3,工具,库,库
exchange-bmc-os-info,工具,服务,服务
ipmievd,工具,服务,服务
ipset-libs,工具,库,库
ipset-service,工具,其它,服务
irssi,工具,服务,库
python3-iscsi-initiator-utils,库,服务,工具
isns-utils,工具,服务,服务
isns-utils-libs,工具,库,库
isomd5sum,工具,库,库
isorelax-javadoc,库,工具,工具
itstool,工具,库,库
iw,工具,库,库
jack-audio-connection-kit,库,服务,服务
jakarta-commons-httpclient-manual,库,工具,工具
java_cup-manual,库,工具,工具
java-1.8.0-alibaba-dragonwell,库,服务,工具
java-1.8.0-alibaba-dragonwell-headless,库,服务,工具
java-1.8.0-alibaba-dragonwell-headless-fastdebug,库,服务,工具
java-1.8.0-alibaba-dragonwell-headless-slowdebug,库,服务,工具
java-1.8.0-openjdk-headless,库,服务,工具
java-1.8.0-openjdk-headless-slowdebug,库,服务,工具
java-11-alibaba-dragonwell,库,服务,工具
java-11-alibaba-dragonwell-headless,库,服务,服务
java-11-alibaba-dragonwell-headless-slowdebug,库,服务,服务
java-11-alibaba-dragonwell-src,库,服务,工具
java-11-openjdk-headless-fastdebug,库,服务,服务
java-17-openjdk-headless,库,服务,工具
java-17-openjdk-headless-slowdebug,库,服务,服务
java-17-openjdk-headless-fastdebug,库,服务,服务
javacc,工具,库,库
javacc-maven-plugin,库,工具,工具
javacc-maven-plugin-javadoc,库,工具,工具
javapackages-tools,库,工具,工具
ivy-local,库,工具,工具
jdependency-javadoc,库,工具,工具
jflex-javadoc,库,工具,工具
jose,工具,库,库
jq,工具,库,库
jsch,工具,库,库
jsch-javadoc,工具,库,库
js-d3-flame-graph,库,工具,服务
jsoup-javadoc,库,工具,工具
jss-javadoc,库,服务,工具
julietaula-montserrat-fonts,库,其它,其它
junit-manual,库,工具,工具
jzlib-javadoc,库,工具,工具
kata-containers,服务,工具,库
kbd-misc,工具,其它,其它
kde-settings,工具,服务,服务
kde-settings-plasma,工具,服务,服务
kde-settings-pulseaudio,工具,服务,服务
qt-settings,库,服务,其它
keentune-bench,工具,服务,服务
keentune-brain,库,工具,工具
keentune-target,服务,工具,工具
kernel-core,其它,工具,工具
kernel-tools,其它,工具,工具
perf,工具,服务,服务
keybinder3,工具,服务,库
keycloak-httpd-client-install,工具,服务,服务
kf5-attica,工具,库,库
kf5-frameworkintegration-libs,工具,库,库
kf5-kactivities,工具,库,库
kf5-karchive,工具,库,库
kf5-kcodecs,工具,库,库
kf5-kcompletion,工具,库,库
kf5-kconfig-gui,工具,库,库
kf5-kdbusaddons,工具,库,库
kf5-kdeclarative,工具,服务,服务
kf5-kdelibs4support-libs,工具,服务,库
kf5-kglobalaccel,工具,服务,服务
kf5-kglobalaccel-libs,工具,库,库
kf5-kguiaddons,工具,服务,服务
kf5-kidletime,工具,库,库
kf5-kio-gui,工具,库,库
kf5-kio-ntlm,工具,库,库
kf5-kirigami2,工具,库,库
kf5-kitemmodels,工具,库,库
kf5-kitemviews,工具,库,库
kf5-kplotting,工具,库,库
kf5-kservice,工具,库,库
kf5-kunitconversion,工具,库,库
kf5-kwayland,工具,库,服务
kf5-kwidgetsaddons,工具,库,库
kf5-kwindowsystem,工具,服务,服务
kf5-networkmanager-qt,工具,服务,服务
kf5-syntax-highlighting,工具,库,库
kmod-kvdo,库,工具,服务
krb5-pkinit,服务,库,库
libknet1-compress-plugins-all,库,工具,工具
libknet1-plugins-all,库,工具,工具
kubernetes-client,工具,服务,服务
kubernetes-node,服务,工具,工具
kwin-libs,库,工具,工具
lcms2,工具,库,库
lftp,工具,库,库
libass,库,工具,工具
libblockdev-mdraid,库,工具,工具
libblockdev-part,库,工具,工具
libcanberra,库,工具,服务
libcanberra-gtk2,库,服务,服务
libcgroup,库,服务,工具
libcmis,库,服务,服务
libdap,库,服务,服务
libdbusmenu-gtk3,库,服务,服务
libdmapsharing,库,服务,服务
libdwarf-tools,工具,库,库
libev-source,库,其它,工具
libgit2,库,服务,服务
libgnomekbd,库,服务,服务
libgpod,库,服务,服务
libguestfs-appliance,库,服务,工具
libguestfs-bash-completion,库,工具,工具
libguestfs-rescue,库,服务,服务
libguestfs-tools,库,工具,工具
libguestfs-tools-c,库,服务,工具
libguestfs-winsupport,库,服务,服务
libhbalinux,库,工具,工具
libidn,库,工具,工具
libinput-utils,库,工具,工具
libkkc-common,库,工具,其它
libkkc-data,库,工具,工具
liblangtag-data,库,工具,其它
ldb-tools,库,服务,服务
liblouis,库,工具,工具
python3-louis,库,工具,工具
libnma,库,服务,服务
libogg-devel-docs,库,工具,工具
liboggz,库,工具,工具
libpeas-gtk,库,服务,服务
libqtxdg,库,服务,工具
librdkafka,库,服务,服务
libreoffice-data,库,工具,工具
libreoffice-graphicfilter,库,服务,工具
libreoffice-gtk3,库,服务,服务
libreoffice-langpack-af,库,工具,工具
libreoffice-langpack-as,库,其它,工具
libreoffice-langpack-bn,库,其它,工具
libreoffice-langpack-cs,库,工具,工具
libreoffice-langpack-da,库,工具,工具
libreoffice-langpack-de,库,工具,工具
libreoffice-langpack-gl,库,工具,其它
libreoffice-langpack-gu,库,工具,工具
libreoffice-langpack-hu,库,工具,工具
libreoffice-langpack-it,库,工具,其它
libreoffice-langpack-kn,库,其它,工具
libreoffice-langpack-ko,库,其它,工具
libreoffice-langpack-ml,库,其它,工具
libreoffice-langpack-mr,库,其它,工具
libreoffice-langpack-nb,库,工具,工具
libreoffice-langpack-or,库,其它,工具
libreoffice-langpack-pa,库,其它,工具
libreoffice-langpack-pt-BR,库,工具,工具
libreoffice-langpack-ru,库,工具,其它
libreoffice-langpack-si,库,其它,工具
libreoffice-langpack-sl,库,工具,工具
libreoffice-langpack-ss,库,工具,工具
libreoffice-langpack-st,库,工具,工具
libreoffice-langpack-te,库,其它,工具
libreoffice-langpack-th,库,工具,工具
libreoffice-langpack-ts,库,其它,工具
libreoffice-opensymbol-fonts,库,其它,其它
libreoffice-ure,库,工具,工具
libreport-anaconda,库,工具,服务
libreport-cli,库,工具,工具
libreport-gtk,库,服务,服务
libreport-plugin-bugzilla,库,服务,服务
libreport-plugin-kerneloops,库,服务,服务
libreport-plugin-mailx,库,服务,工具
libreport-rhel-anaconda-bugzilla,库,服务,服务
libreport-rhel-bugzilla,库,服务,服务
libreswan,库,服务,工具
librsvg2-tools,库,服务,服务
libselinux-static,库,其它,工具
libsepol,库,工具,工具
libserf,库,工具,工具
libsmi,库,服务,工具
libsolv-tools,库,工具,工具
libssh-config,库,服务,服务
libstoragemgmt,库,服务,服务
libstoragemgmt-arcconf-plugin,库,工具,服务
libstoragemgmt-hpsa-plugin,库,工具,服务
libstoragemgmt-local-plugin,库,工具,服务
libstoragemgmt-megaraid-plugin,库,工具,服务
libstoragemgmt-smis-plugin,库,服务,服务
python3-libsvm,库,工具,工具
network-scripts-team,库,服务,服务
teamd,库,服务,服务
theora-tools,库,服务,服务
libtirpc,库,服务,服务
libtool,库,工具,工具
libunistring,库,工具,工具
libusbx,库,工具,工具
libutempter,库,服务,工具
libvirt-client,工具,服务,服务
libvirt-daemon-driver-storage-mpath,服务,库,工具
libvirt-libs,库,服务,服务
libvirt-nss,服务,工具,工具
libvirt-dbus,库,服务,服务
python3-libvoikko,库,工具,工具
libvorbis-devel-docs,库,工具,工具
libwmf,库,工具,工具
libX11-common,库,工具,工具
lightdm,库,服务,工具
lightdm-gtk,库,服务,服务
lightdm-gtk-greeter-settings,库,工具,工具
lld,工具,库,库
lld-libs,工具,库,库
lldb,工具,库,库
python3-lldb,工具,库,库
lldpad,服务,工具,库
lldpd,服务,工具,工具
llvm,工具,库,库
llvm-libs,工具,库,库
llvm-static,工具,库,库
lm_sensors-libs,工具,库,库
lm_sensors-sensord,工具,服务,库
lockdev,库,服务,服务
logrotate,服务,库,库
lpsolve,工具,库,库
lshw-gui,工具,服务,库
lsof,工具,服务,服务
lua-json,库,工具,工具
lua-lunit,库,工具,工具
lua-srpm-macros,库,工具,工具
lynx,工具,服务,服务
lz4,工具,库,库
lz4-libs,工具,库,库
lzop,工具,库,库
m17n-db,库,工具,工具
mailcap,工具,服务,库
mailx,工具,服务,服务
libmalaga,工具,库,库
malaga,工具,服务,服务
mariadb-connector-c,库,服务,服务
mariadb-connector-c-config,库,工具,工具
maven2-javadoc,工具,库,库
maven-artifact,工具,库,库
maven-artifact-manager,工具,库,库
maven-model,工具,库,库
maven-plugin-descriptor,工具,库,库
maven-plugin-registry,工具,库,库
maven-profile,工具,库,库
maven-project,工具,库,库
maven-settings,工具,库,库
maven-toolchain,工具,库,库
maven-lib,工具,库,库
maven-antrun-plugin,工具,库,库
maven-archiver,工具,库,库
maven-archiver-javadoc,工具,库,库
maven-artifact-resolver,工具,库,库
maven-assembly-plugin,工具,库,库
maven-clean-plugin,工具,库,库
maven-common-artifact-filters,工具,库,库
maven-common-artifact-filters-javadoc,工具,库,库
maven-compiler-plugin,工具,库,库
maven-dependency-analyzer,工具,库,库
maven-dependency-tree,工具,库,库
maven-dependency-tree-javadoc,工具,库,库
maven-doxia-core,工具,库,库
maven-doxia-logging-api,工具,库,库
maven-doxia-module-apt,工具,库,库
maven-doxia-module-confluence,工具,库,库
maven-doxia-module-docbook-simple,工具,库,库
maven-doxia-module-fml,工具,库,库
maven-doxia-module-latex,工具,库,库
maven-doxia-module-rtf,工具,库,库
maven-doxia-modules,工具,库,库
maven-doxia-module-twiki,工具,库,库
maven-doxia-module-xdoc,工具,库,库
maven-doxia-module-xhtml,工具,库,库
maven-doxia-sink-api,工具,库,库
maven-doxia-test-docs,工具,库,库
maven-enforcer,工具,库,库
maven-enforcer-api,工具,库,库
maven-enforcer-plugin,工具,库,库
maven-enforcer-rules,工具,库,库
maven-file-management,工具,库,库
maven-filtering,工具,库,库
maven-install-plugin-javadoc,工具,库,库
maven-invoker,工具,库,库
maven-jar-plugin,工具,库,库
maven-plugin-testing,工具,库,库
maven-plugin-testing-harness,工具,库,库
maven-test-tools,工具,库,库
maven-plugin-annotations,工具,库,库
maven-plugin-tools-ant,工具,库,库
maven-plugin-tools-api,工具,库,库
maven-plugin-tools-javadoc,工具,库,库
maven-plugin-tools-model,工具,库,库
maven-script-ant,工具,库,库
maven-reporting-api,工具,库,库
maven-reporting-impl,工具,库,库
maven-resolver-spi,工具,库,库
maven-resolver,工具,库,库
maven-resolver-transport-http,工具,服务,库
maven-script-interpreter,工具,库,库
maven-shade-plugin,工具,库,库
maven-shared,工具,库,库
maven-shared-incremental,工具,库,库
maven-shared-io,工具,库,库
maven-shared-utils,工具,库,库
maven-source-plugin,工具,库,库
maven-failsafe-plugin,工具,库,库
maven-surefire-javadoc,工具,库,库
maven-surefire-plugin,工具,库,库
maven-surefire-provider-junit,工具,库,库
maven-surefire-provider-testng,工具,库,库
maven-surefire-report-parser,工具,库,库
maven-surefire-report-plugin,工具,库,库
maven-verifier,工具,库,库
maven-wagon-file,工具,库,库
maven-wagon-http,工具,库,库
maven-wagon-http-shared,工具,库,库
maven-wagon-provider-api,工具,库,库
maven-wagon,工具,服务,库
maven-wagon-ftp,工具,库,库
maven-wagon-http-lightweight,工具,库,库
maven-wagon-javadoc,工具,库,库
maven-wagon-providers,工具,库,库
mc,工具,库,库
mcelog,工具,其它,库
libmcpp,工具,库,库
mcpp,工具,库,库
mecab,工具,库,库
media-player-info,库,工具,工具
memcached,服务,工具,工具
meson,工具,库,库
metis,工具,库,库
microdnf,工具,库,库
micropipenv,工具,库,库
mingw32-binutils,工具,库,库
mingw64-binutils,工具,库,库
mingw-binutils-generic,工具,库,库
mingw32-cairo,工具,库,服务
mingw32-crt,工具,库,库
mingw64-crt,工具,库,库
mingw32-expat,工具,库,库
mingw64-expat,工具,库,库
mingw32-filesystem,工具,服务,库
mingw64-filesystem,工具,服务,库
mingw32-freetype-static,工具,库,其它
mingw64-freetype-static,工具,库,其它
mingw32-cpp,工具,库,库
mingw32-gcc,工具,库,库
mingw32-gcc-c++,工具,库,库
mingw64-cpp,工具,库,库
mingw64-gcc,工具,库,库
mingw64-gcc-c++,工具,库,库
mingw64-libpng,库,服务,工具
mingw32-openssl,库,服务,工具
mingw64-openssl,库,服务,工具
mingw32-sqlite,库,服务,工具
mingw32-sqlite-static,库,服务,服务
mingw64-sqlite,库,服务,工具
mingw64-sqlite-static,库,服务,服务
mksh,工具,库,库
mlocate,工具,服务,服务
mobile-broadband-provider-info,库,服务,服务
mod_fcgid,库,服务,服务
mod_md,库,服务,服务
mod_security,库,服务,工具
mod_security-mlogc,库,工具,工具
modello,工具,库,库
ModemManager,库,工具,工具
mojo-parent,库,工具,工具
mokutil,工具,服务,服务
motif,工具,库,库
motif-static,工具,库,库
mousetweaks,工具,服务,库
mpich,库,工具,工具
mpv-libs,库,服务,工具
mtr-gtk,库,服务,工具
mtx,工具,库,库
munge-maven-plugin,工具,库,库
mvapich2,库,工具,工具
mvapich2-psm2,库,工具,工具
nasm,工具,库,库
nautilus,工具,服务,服务
nautilus-extensions,工具,库,库
nbdkit-bash-completion,工具,库,服务
nbdkit-basic-filters,工具,库,库
nbdkit-basic-plugins,工具,服务,库
nbdkit-curl-plugin,工具,库,服务
nbdkit-example-plugins,工具,库,服务
nbdkit-gzip-filter,工具,库,库
nbdkit-gzip-plugin,工具,库,服务
nbdkit-linuxdisk-plugin,工具,库,库
nbdkit-nbd-plugin,工具,库,库
nbdkit-python-plugin,工具,库,库
nbdkit-server,工具,库,库
nbdkit-ssh-plugin,工具,库,库
nbdkit-vddk-plugin,工具,库,服务
nbdkit-xz-filter,工具,库,库
ncurses-base,库,工具,工具
ncurses-term,库,工具,工具
daxctl,工具,库,库
ndctl,工具,库,库
netpbm-progs,工具,库,库
net-snmp,库,服务,服务
nettle,库,工具,工具
net-tools,工具,服务,服务
NetworkManager-cloud-setup,工具,服务,服务
NetworkManager-tui,其它,服务,服务
network-manager-applet,工具,服务,服务
nm-connection-editor,工具,库,库
NetworkManager-libreswan,库,服务,服务
NetworkManager-libreswan-gnome,库,服务,服务
nfs4-acl-tools,工具,库,库
libnfsidmap,工具,服务,库
nfs-utils,工具,服务,服务
nftables,工具,库,库
ninja-build,工具,库,库
python3-nispor,库,工具,工具
nodejs,库,工具,工具
nodejs-docs,库,工具,工具
npm,库,工具,工具
nss-pam-ldapd,库,服务,服务
ntfs-3g,服务,工具,库
ntfs-3g-libs,服务,库,库
ntfsprogs,服务,库,库
ntpstat,工具,服务,服务
numactl,工具,库,库
numactl-libs,工具,库,库
nydus-rs,服务,库,库
nydus-snapshotter,服务,工具,工具
objectweb-asm-javadoc,库,工具,工具
ocaml-runtime,库,工具,工具
ocaml-srpm-macros,库,其它,其它
oceanbase-ce,服务,库,库
oddjob,工具,库,服务
oddjob-mkhomedir,工具,服务,服务
omping,工具,库,库
opa-libopamgt,工具,库,库
opa-fm,工具,服务,库
openblas-srpm-macros,库,工具,工具
openbox-libs,工具,库,库
openchange,库,服务,服务
opencl-filesystem,库,工具,工具
opencl-headers,库,工具,其它
opencryptoki,库,服务,服务
opencryptoki-libs,库,服务,工具
opencryptoki-tpmtok,库,服务,服务
opencv-contrib,库,工具,工具
opencv-core,库,服务,服务
opendnssec,库,服务,工具
openhpi,库,服务,服务
openjade,库,工具,工具
openjpeg2-devel-docs,库,工具,工具
openjpeg2-tools,库,服务,工具
openmpi,库,服务,工具
hyphen-cs,工具,库,库
hyphen-lv,工具,库,库
mythes-lv,工具,库,库
openscap-scanner,库,工具,工具
openssh-clients,工具,服务,服务
pam_ssh_agent_auth,服务,库,库
openssl,工具,服务,服务
openssl-ibmpkcs11,工具,库,库
openssl-pkcs11,工具,库,库
orc-compiler,库,工具,工具
orca,库,服务,服务
osbuild-selinux,工具,服务,服务
python3-osbuild,工具,服务,服务
osbuild-composer,工具,服务,服务
osbuild-composer-core,工具,服务,服务
osbuild-composer-dnf-json,工具,库,库
osbuild-composer-worker,工具,库,库
osgi-compendium-javadoc,库,工具,工具
osgi-core-javadoc,库,工具,工具
osinfo-db,工具,服务,服务
osinfo-db-tools,工具,库,库
os-maven-plugin-javadoc,库,工具,工具
p11-kit,工具,库,库
p11-kit-server,服务,库,工具
pacemaker,服务,库,工具
pacemaker-cts,库,工具,工具
pacemaker-libs,库,服务,工具
pacemaker-nagios-plugins-metadata,服务,工具,工具
pacemaker-remote,服务,工具,工具
pacemaker-schemas,服务,工具,工具
PackageKit,服务,库,工具
PackageKit-command-not-found,服务,库,库
PackageKit-cron,服务,工具,工具
PackageKit-gstreamer-plugin,服务,库,库
pam,工具,服务,库
pandoc-common,库,工具,工具
paps,库,服务,工具
pcp-parfait-agent,库,服务,工具
passwd,工具,服务,库
patch,工具,库,库
pavucontrol,工具,服务,库
pcp-gui,服务,工具,工具
pcp-system-tools,工具,服务,服务
pcp-testsuite,库,服务,服务
python3-pcp,库,工具,服务
pcre2-tools,工具,库,库
pcsc-lite,库,服务,服务
pcsc-lite-ccid,库,其它,服务
peripety,服务,库,工具
perl-core,库,工具,工具
perl-Pod-Html,库,工具,工具
perl-Term-ReadLine,库,工具,工具
perl-IO-Socket-SSL,库,工具,工具
perl-Mail-SPF,库,工具,工具
perl-Module-CoreList-tools,库,工具,工具
perl-Module-CPANfile,库,工具,工具
perl-Module-ScanDeps,库,工具,工具
perl-Net-SMTP-SSL,库,工具,服务
perl-Pod-Checker,库,工具,工具
perl-Pod-LaTeX,库,工具,工具
perl-Pod-Markdown,库,工具,工具
perl-Pod-Parser,库,工具,工具
perl-Pod-Simple,库,工具,工具
perl-Pod-Usage,库,工具,工具
perl-srpm-macros,库,其它,工具
pg_repack,库,工具,工具
php,库,工具,工具
php-fpm,库,服务,服务
php-pear,库,服务,工具
apcu-panel,库,服务,服务
php-pecl-xdebug,库,工具,工具
libpurple,库,服务,服务
pidgin,工具,服务,服务
pidgin-sipe,工具,服务,服务
purple-sipe,工具,服务,服务
pigz,工具,库,库
pinentry-emacs,工具,库,库
pinentry-gnome3,工具,库,库
pinentry-gtk,工具,库,库
pkgconf,工具,库,库
pkgconf-m4,工具,服务,库
pki-base,服务,库,库
pki-base-java,服务,库,工具
pki-symkey,服务,库,工具
python3-pki,服务,库,库
pki-servlet-4.0-api,服务,库,库
pki-servlet-engine,服务,工具,工具
plexus-build-api-javadoc,库,工具,工具
plexus-cipher-javadoc,库,工具,工具
plexus-classworlds-javadoc,库,工具,工具
plexus-compiler-javadoc,库,工具,工具
plexus-component-api-javadoc,库,工具,工具
plexus-containers-javadoc,库,工具,工具
plexus-interactivity-javadoc,库,工具,工具
plexus-interpolation-javadoc,库,工具,工具
plexus-io-javadoc,库,工具,工具
plexus-languages-javadoc,库,工具,工具
plexus-resources-javadoc,库,工具,工具
plexus-sec-dispatcher-javadoc,库,工具,工具
plexus-velocity-javadoc,库,工具,工具
plymouth-scripts,服务,工具,工具
daxio,工具,库,库
librpmem,库,服务,工具
pmreorder,库,工具,工具
pmdk-convert,工具,库,库
pmix,库,工具,工具
podman-remote,工具,服务,库
podman-plugins,工具,服务,库
podman-gvproxy,工具,库,库
polardb,服务,库,库
policycoreutils-restorecond,工具,库,库
python3-policycoreutils,库,服务,工具
polkit,库,服务,服务
polkit-docs,库,工具,工具
poppler-utils,库,服务,服务
poppler-data,库,其它,其它
postgresql,服务,工具,库
postgresql-contrib,服务,工具,库
postgresql-plpython3,库,工具,工具
postgresql-pltcl,服务,工具,工具
postgresql-server,服务,工具,工具
pptp,工具,服务,服务
prometheus-jmx-exporter,服务,库,库
prometheus-jmx-exporter-openjdk11,服务,库,库
publicsuffix-list,库,工具,工具
publicsuffix-list-dafsa,库,工具,工具
pygobject2-codegen,库,工具,工具
pygtk2,库,工具,工具
pygtk2-codegen,库,其它,工具
pykickstart,工具,库,库
python2-tkinter,库,工具,工具
python3-azure-sdk,库,工具,工具
python38-pip-wheel,库,服务,工具
python39-pip-wheel,库,服务,工具
python38-setuptools,工具,库,库
python39-setuptools,工具,库,库
python3-argcomplete,库,工具,工具
python3-argh,库,工具,工具
python2-backports-ssl_match_hostname,库,工具,工具
python3-blivet,库,工具,工具
python2-chardet,库,工具,工具
python3-distro,库,工具,工具
python2-docs-info,库,工具,工具
python3-hwdata,库,工具,工具
python2-ipaddress,库,工具,工具
python3-jwcrypto,库,工具,服务
python3-nose,库,工具,工具
python-nose-docs,库,工具,工具
python3-pillow,库,服务,工具
platform-python-pip,库,工具,工具
python-podman-api,库,工具,工具
python3-ptyprocess,库,其它,工具
python3-pyasn1,库,工具,工具
python2-pygments,库,工具,工具
python2-pymongo-gridfs,库,工具,工具
python3-pymongo-gridfs,库,工具,工具
python38-resolvelib,库,工具,工具
target-restore,库,工具,服务
python2-scour,库,工具,工具
python3-setuptools_scm,库,工具,工具
python2-setuptools_scm,库,工具,工具
python3-setuptools,工具,库,库
python3-sphinx_rtd_theme,库,其它,其它
python-sphinx-locale,库,工具,工具
python2-urllib3,库,服务,工具
python38-wcwidth,库,工具,工具
python39-wcwidth,库,工具,工具
python2-wheel,库,工具,工具
python2-pytz,库,工具,工具
qatlib,库,服务,服务
qatzip,库,服务,服务
qatzip-libs,库,服务,服务
qemu-guest-agent,工具,库,库
qemu-img,工具,库,库
qemu-kvm-ui-spice,工具,服务,服务
qgnomeplatform,库,服务,服务
qpdf,工具,服务,库
qpdf-libs,工具,库,库
qperf,工具,库,库
qrencode,工具,库,库
qrencode-libs,工具,库,库
qt5-rpm-macros,库,工具,工具
qt5-qt3d-examples,工具,服务,库
qt5-qtbase-examples,工具,库,库
qt5-qtbase-gui,库,服务,工具
qt5-qtbase-static,库,工具,工具
qt5-qtdoc,库,工具,工具
qt5-qtmultimedia,库,服务,服务
qt5-qttools-static,库,工具,工具
qt5-qtwayland,库,服务,服务
qt5-qtwebengine-devtools,库,服务,服务
qt5-qtwebengine-examples,库,服务,工具
qtchooser,工具,库,库
quota,工具,服务,库
quota-warnquota,工具,服务,库
radvd,工具,服务,服务
raptor2,工具,库,库
rar,工具,库,库
rarian,工具,库,库
rarian-compat,工具,库,库
rasdaemon,服务,工具,工具
ibacm,库,服务,工具
infiniband-diags,工具,库,库
re2,工具,库,库
re2c,工具,库,库
readline,库,工具,工具
redfish-finder,工具,服务,服务
redhat-lsb,工具,库,服务
redhat-lsb-cxx,工具,库,库
redhat-lsb-desktop,工具,服务,库
redhat-lsb-languages,工具,库,库
redhat-lsb-printing,工具,服务,服务
redhat-lsb-submod-multimedia,工具,库,库
redhat-lsb-submod-security,工具,服务,服务
redhat-menus,工具,服务,服务
redhat-support-lib-python,库,服务,工具
redhat-support-tool,库,工具,工具
resource-agents,服务,工具,工具
resource-agents-aliyun,服务,工具,工具
resource-agents-gcp,服务,工具,工具
rhythmbox,工具,服务,服务
rocketmq,服务,工具,工具
rootfiles,服务,工具,工具
rpm-apidocs,工具,库,库
rpm-build-libs,工具,库,库
rpm-plugin-fapolicyd,库,工具,服务
rpm-plugin-ima,库,服务,服务
rrdtool,工具,服务,库
rrdtool-lua,库,服务,服务
rrdtool-tcl,库,工具,工具
rshim,服务,工具,工具
rsync,工具,库,库
rsync-daemon,服务,工具,工具
rubberband,库,工具,工具
ruby,工具,库,库
rubygem-xmlrpc,库,服务,服务
runc,服务,工具,工具
cargo,工具,库,库
clippy,工具,库,库
rust-debugger-common,工具,库,库
rustfmt,工具,库,库
ctdb,库,服务,服务
libsmbclient,库,服务,服务
python3-samba,库,服务,服务
samba-client,工具,服务,服务
samba-client-libs,库,服务,服务
samba-common-libs,库,服务,服务
samba-common-tools,工具,服务,服务
samba-test-libs,库,服务,服务
samba-vfs-iouring,服务,库,库
samba-winbind-clients,工具,服务,服务
samba-winbind-modules,服务,库,库
sane-backends-daemon,工具,服务,服务
sane-backends-drivers-cameras,工具,库,库
sane-backends-drivers-scanners,工具,库,库
sane-backends-libs,工具,库,库
sane-frontends,工具,服务,服务
sassist,工具,服务,服务
sblim-gather-provider,库,工具,工具
scala,工具,库,库
scala-swing,工具,库,库
ptscotch-mpich-devel-parmetis,库,其它,其它
seabios-bin,工具,库,库
seahorse,工具,服务,服务
selinux-policy-minimum,工具,服务,服务
selinux-policy-mls,工具,服务,服务
selinux-policy-sandbox,工具,服务,服务
selinux-policy-targeted,工具,服务,服务
sendmail,工具,服务,服务
sendmail-milter,工具,库,库
setroubleshoot,工具,服务,服务
sevctl,工具,库,库
sg3_utils-libs,工具,库,库
sgpio,工具,库,库
shadow-utils-subid,工具,库,库
shim-ia32,其它,库,库
shim-x64,其它,库,库
shim-unsigned-x64,其它,服务,工具
skkdic,库,工具,工具
skopeo,工具,库,库
slapi-nis,库,服务,服务
slf4j-javadoc,库,工具,工具
slf4j-manual,库,服务,工具
slirp4netns,工具,库,库
softhsm,工具,服务,服务
sonatype-plugins-parent,库,工具,工具
sos-audit,服务,工具,工具
sound-theme-freedesktop,工具,服务,服务
spice-client-win-x64,工具,服务,服务
spice-client-win-x86,工具,服务,服务
spice-gtk-tools,工具,库,服务
spice-protocol,库,服务,服务
spice-qxl-wddm-dod,库,服务,服务
spice-streaming-agent,库,服务,服务
spice-vdagent,库,工具,工具
spice-vdagent-win-x64,库,服务,服务
spice-vdagent-win-x86,库,服务,服务
spirv-tools,工具,库,库
splix,库,服务,服务
squashfs-tools,工具,库,库
sscg,工具,库,库
sshpass,工具,库,库
python3-sssdconfig,库,工具,服务
sssd-nfs-idmap,服务,库,库
sssd-winbind-idmap,服务,库,库
stalld,服务,其它,库
star,工具,库,库
startup-notification,工具,库,库
stress-ng,工具,服务,服务
mod_dav_svn,工具,服务,服务
subversion,库,工具,工具
subversion-gnome,库,服务,服务
sudo,工具,服务,服务
sushi,工具,服务,服务
switcheroo-control,服务,工具,库
swtpm-tools-pkcs11,库,工具,工具
sysfsutils,工具,库,库
syslinux-extlinux-nonlinux,工具,服务,服务
syslinux-nonlinux,工具,服务,服务
syslinux-tftpboot,工具,库,库
system-config-printer-libs,库,服务,工具
systemd,其它,工具,库
systemd-container,工具,库,服务
systemd-journal-remote,工具,服务,服务
systemd-libs,库,工具,工具
systemd-pam,其它,服务,服务
system-lsb-cxx,服务,库,库
system-lsb-languages,服务,工具,库
system-lsb-submod-multimedia,服务,库,库
systemtap-exporter,工具,服务,服务
systemtap-runtime-virthost,工具,服务,服务
systemtap-server,工具,服务,服务
tboot,服务,库,库
tcl,库,工具,工具
teckit,工具,库,库
tesseract-tools,工具,服务,服务
tex-fonts-hebrew,其它,工具,工具
texlive-lib,工具,库,库
tftp,服务,工具,库
thermald,服务,库,工具
tigervnc,服务,工具,工具
tigervnc-icons,服务,其它,工具
tigervnc-license,服务,其它,其它
timedatex,服务,库,工具
tk,库,工具,工具
tog-pegasus-libs,库,工具,工具
torque-libs,服务,库,工具
totem,工具,服务,服务
totem-nautilus,工具,服务,服务
totem-pl-parser,工具,库,库
tpm2-abrmd-selinux,工具,服务,服务
tpm-tools,工具,库,库
tpm-tools-pkcs11,工具,库,库
python3-tracer,工具,库,库
tracker,工具,服务,服务
tracker-miners,工具,服务,服务
tree,工具,库,库
trousers,库,服务,服务
tuna,工具,库,库
tuned,服务,工具,工具
tzdata,服务,工具,工具
tzdata-java,服务,工具,库
ucx-rdmacm,库,工具,工具
udftools,工具,库,库
udisks2-lsm,工具,库,库
uglify-js,库,服务,工具
unbound,工具,服务,服务
unicode-ucd,库,其它,其它
unicode-ucd-unihan,库,工具,其它
unique,库,服务,工具
libunrar,工具,库,库
update-motd,服务,工具,工具
upower-devel-docs,库,工具,工具
usbguard-notifier,库,服务,服务
usbguard-selinux,库,服务,服务
usermode-gtk,工具,服务,服务
uuidd,其它,服务,服务
uuid,工具,库,库
varnish,库,服务,服务
varnish-docs,库,工具,工具
varnish-modules,库,服务,服务
velocity-manual,库,工具,工具
vm-dump-metrics,工具,库,服务
vim-minimal,工具,库,库
vinagre,工具,服务,服务
virt-manager,工具,服务,服务
virt-viewer,工具,服务,服务
vorbis-tools,工具,库,库
vsftpd,服务,库,库
vte-profile,库,其它,其它
vulkan-headers,库,其它,其它
WALinuxAgent-udev,工具,库,库
web-assets-filesystem,工具,库,库
weld-parent,库,工具,工具
weldr-client,工具,库,库
whois,工具,库,库
woff2,工具,库,库
x3270,工具,库,库
xalan-j2,库,工具,工具
xalan-j2-manual,库,工具,工具
Xaw3d,工具,库,库
xbean-javadoc,库,工具,工具
xcb-proto,库,服务,工具
xdelta,工具,库,库
xdg-desktop-portal,服务,工具,库
xdg-user-dirs,服务,库,库
xerces-j2,库,工具,工具
xml-commons-apis-manual,库,工具,工具
xmlrpc-c,库,服务,服务
xmlrpc-c-client++,库,服务,服务
xmlrpc-c-client,库,服务,服务
xmvn,库,工具,工具
xmvn-bisect,库,工具,工具
xmvn-javadoc,库,服务,工具
xmvn-tools-pom,工具,库,库
intel-gpu-tools,服务,库,工具
xorg-x11-drv-wacom,服务,库,库
xorg-x11-drv-wacom-serial-support,服务,工具,工具
xorg-x11-server-utils,服务,工具,库
xorg-x11-xauth,工具,服务,库
xorg-x11-xbitmaps,库,工具,工具
xorg-x11-xkb-utils,工具,库,库
xrestop,工具,库,库
xsane,库,服务,服务
xsane-common,库,工具,其它
xsettingsd,服务,库,库
yelp,工具,服务,服务
yp-tools,工具,服务,库
hyphen-af,工具,库,库
hyphen-zu,工具,库,库
zenity,工具,库,库
zeromq3,服务,库,库
zlib-static,库,工具,工具
