idx,name
0,GConf2
1,GeoIP
2,GeoIP-GeoLite-data
3,HdrHistogram_c
4,Judy
5,LibRaw
6,ModemManager
7,NetworkManager
8,NetworkManager-libreswan
9,OpenEXR
10,OpenIPMI
11,PackageKit
12,PyYAML
13,SDL
14,WALinuxAgent
15,Xaw3d
16,aajohan-comfortaa-fonts
17,abattis-cantarell-fonts
18,abrt
19,abrt-java-connector
20,accel-config
21,accountsservice
22,acl
23,acpica-tools
24,acpid
25,adcli
26,adobe-mappings-cmap
27,adobe-mappings-pdf
28,adwaita-icon-theme
29,adwaita-qt
30,alsa-firmware
31,alsa-lib
32,alsa-plugins
33,alsa-sof-firmware
34,alsa-tools
35,alsa-utils
36,amanda
37,anaconda
38,anaconda-user-help
39,anolis-logos
40,anolis-release
41,ansible-core
42,ansible-freeipa
43,ant
44,aom
45,apache-commons-cli
46,apache-commons-codec
47,apache-commons-collections
48,apache-commons-compress
49,apache-commons-io
50,apache-commons-jxpath
51,apache-commons-lang3
52,apache-commons-logging
53,apache-commons-net
54,appstream-data
55,apr
56,apr-util
57,arpwatch
58,asciidoc
59,aspell
60,aspell-en
61,at
62,at-spi2-atk
63,at-spi2-core
64,atk
65,atkmm
66,atlas
67,attr
68,audit
69,augeas
70,authselect
71,autoconf
72,autoconf-archive
73,autofs
74,autogen
75,automake
76,autotrace
77,avahi
78,awscli
79,babel
80,babeltrace
81,babl
82,bacula
83,baobab
84,basesystem
85,bash
86,bash-completion
87,bc
88,bcc
89,bind
90,bind9.16
91,binutils
92,biosdevname
93,bison
94,bitmap-fonts
95,blktrace
96,bluez
97,blur-effect
98,bogofilter
99,bolt
100,boom-boot
101,boost
102,booth
103,bpftrace
104,brasero
105,breeze-icon-theme
106,brltty
107,brotli
108,bubblewrap
109,byteman
110,byzanz
111,bzip2
112,c-ares
113,c2esp
114,ca-certificates
115,cachefilesd
116,cairo
117,cairomm
118,cdparanoia
119,cdrdao
120,cdrkit
121,celt051
122,ceph
123,certmonger
124,chan
125,check
126,checkpolicy
127,cheese
128,chkconfig
129,chrome-gnome-shell
130,chrony
131,chrpath
132,cifs-utils
133,cim-schema
134,cjose
135,clang
136,cldr-emoji-annotation
137,clevis
138,cloud-init
139,clucene
140,clufter
141,clutter
142,clutter-gst2
143,clutter-gst3
144,clutter-gtk
145,cmake
146,cockpit
147,cockpit-appstream
148,cockpit-composer
149,cockpit-session-recording
150,codemodel
151,cogl
152,color-filesystem
153,colord
154,colord-gtk
155,compat-libtiff3
156,conntrack-tools
157,container-exception-logger
158,containerd
159,convmv
160,copy-jdk-configs
161,coreutils
162,corosync
163,corosync-qdevice
164,cpio
165,cppcheck
166,cppunit
167,cracklib
168,crash
169,crash-gcore-command
170,crash-ptdump-command
171,crash-trace-command
172,crda
173,createrepo_c
174,cronie
175,crontabs
176,crypto-policies
177,cryptsetup
178,cscope
179,ctags
180,culmus-fonts
181,cups
182,cups-filters
183,cups-pk-helper
184,curl
185,cyrus-imapd
186,cyrus-sasl
187,dav1d
188,dbus
189,dbus-c++
190,dbus-glib
191,dbus-python
192,dbusmenu-qt
193,dbxtool
194,dconf
195,dconf-editor
196,dcraw
197,dde
198,dde-account-faces
199,dde-api
200,dde-calendar
201,dde-clipboard
202,dde-control-center
203,dde-daemon
204,dde-device-formatter
205,dde-dock
206,dde-file-manager
207,dde-kwin
208,dde-launcher
209,dde-network-utils
210,dde-polkit-agent
211,dde-printer
212,dde-qt-dbus-factory
213,dde-qt5integration
214,dde-qt5platform-plugins
215,dde-server-industry-config
216,dde-session-shell
217,dde-session-ui
218,deepin-anything
219,deepin-authenticate
220,deepin-boot-maker
221,deepin-calculator
222,deepin-compressor
223,deepin-default-settings
224,deepin-desktop-base
225,deepin-desktop-schemas
226,deepin-devicemanager
227,deepin-diskmanager
228,deepin-editor
229,deepin-fcitxconfigtool-plugin
230,deepin-font-manager
231,deepin-gettext-tools
232,deepin-gtk-theme
233,deepin-icon-theme
234,deepin-image-viewer
235,deepin-log-viewer
236,deepin-manual
237,deepin-menu
238,deepin-picker
239,deepin-pw-check
240,deepin-reader
241,deepin-screen-recorder
242,deepin-shortcut-viewer
243,deepin-sound-theme
244,deepin-system-monitor
245,deepin-terminal
246,deepin-turbo
247,deepin-wallpapers
248,dejagnu
249,dejavu-fonts
250,desktop-file-utils
251,devhelp
252,device-mapper-multipath
253,device-mapper-persistent-data
254,dhcp
255,dialog
256,diffstat
257,diffutils
258,ding-libs
259,disomaster
260,djvulibre
261,dleyna-connector-dbus
262,dleyna-core
263,dleyna-renderer
264,dleyna-server
265,dlm
266,dmidecode
267,dnf
268,dnf-plugins-core
269,dnssec-trigger
270,docbook-dtds
271,docbook-style-dsssl
272,docbook-style-xsl
273,docbook-utils
274,docbook2X
275,docker
276,dos2unix
277,dosfstools
278,dotconf
279,dotnet
280,dotnet3.0
281,dotnet3.1
282,dotnet5.0
283,dotnet6.0
284,dovecot
285,doxygen
286,dpa-ext-gnomekeyring
287,dpdk
288,dracut
289,drpm
290,dtkcore
291,dtkgui
292,dtkwidget
293,dump
294,dvd+rw-tools
295,dwz
296,dyninst
297,e2fsprogs
298,ed
299,edk2
300,efi-rpm-macros
301,efibootmgr
302,efivar
303,egl-wayland
304,elfutils
305,elinks
306,emacs
307,enchant
308,enchant2
309,enscript
310,environment-modules
311,eog
312,epel-aliyuncs-release
313,epel-release
314,epel-rpm-macros
315,esc
316,espeak-ng
317,eth-tools
318,ethtool
319,evemu
320,evince
321,evolution
322,evolution-data-server
323,evolution-ews
324,evolution-mapi
325,exempi
326,exiv2
327,expat
328,expect
329,extra-cmake-modules
330,f32-backgrounds
331,faad2
332,fabtests
333,fapolicyd
334,farstream02
335,fcitx
336,fcitx-configtool
337,fcitx-qt5
338,fcoe-utils
339,fence-agents
340,fence-virt
341,ffmpeg
342,ffmpegthumbnailer
343,fftw
344,fido-device-onboard
345,file
346,file-roller
347,filesystem
348,findutils
349,fio
350,fipscheck
351,firefox
352,firewalld
353,flac
354,flatpak
355,flatpak-builder
356,flex
357,fltk
358,flute
359,fontawesome-fonts
360,fontconfig
361,fontforge
362,fontpackages
363,fonts-tweak-tool
364,foomatic
365,foomatic-db
366,fpc-srpm-macros
367,fprintd
368,freeglut
369,freeimage
370,freeipmi
371,freerdp
372,freetype
373,frei0r-plugins
374,fribidi
375,frr
376,fstrm
377,fuse
378,fuse-overlayfs
379,fuse-sshfs
380,fwupd
381,fwupdate
382,fxload
383,gamin
384,gavl
385,gawk
386,gc
387,gcab
388,gcc
389,gcc-toolset-10
390,gcc-toolset-10-annobin
391,gcc-toolset-10-binutils
392,gcc-toolset-10-dwz
393,gcc-toolset-10-dyninst
394,gcc-toolset-10-elfutils
395,gcc-toolset-10-gcc
396,gcc-toolset-10-gdb
397,gcc-toolset-10-ltrace
398,gcc-toolset-10-make
399,gcc-toolset-10-strace
400,gcc-toolset-10-systemtap
401,gcc-toolset-10-valgrind
402,gcc-toolset-11
403,gcc-toolset-11-annobin
404,gcc-toolset-11-binutils
405,gcc-toolset-11-dwz
406,gcc-toolset-11-dyninst
407,gcc-toolset-11-elfutils
408,gcc-toolset-11-gcc
409,gcc-toolset-11-gdb
410,gcc-toolset-11-ltrace
411,gcc-toolset-11-make
412,gcc-toolset-11-strace
413,gcc-toolset-11-systemtap
414,gcc-toolset-11-valgrind
415,gcc-toolset-9
416,gcc-toolset-9-annobin
417,gcc-toolset-9-binutils
418,gcc-toolset-9-dwz
419,gcc-toolset-9-dyninst
420,gcc-toolset-9-elfutils
421,gcc-toolset-9-gcc
422,gcc-toolset-9-gdb
423,gcc-toolset-9-ltrace
424,gcc-toolset-9-make
425,gcc-toolset-9-strace
426,gcc-toolset-9-systemtap
427,gcc-toolset-9-valgrind
428,gcr
429,gd
430,gdb
431,gdbm
432,gdisk
433,gdk-pixbuf2
434,gdm
435,gedit
436,gedit-plugins
437,gegl
438,gegl04
439,genwqe-tools
440,geoclue2
441,geocode-glib
442,gettext
443,gfbgraph
444,gflags
445,gfs2-utils
446,ghc-srpm-macros
447,ghostscript
448,giflib
449,gimp
450,gio-qt
451,git
452,git-lfs
453,gjs
454,glade
455,glib-networking
456,glib2
457,glibc
458,glibmm24
459,glog
460,glusterfs
461,gmp
462,gnome-abrt
463,gnome-autoar
464,gnome-bluetooth
465,gnome-boxes
466,gnome-calculator
467,gnome-characters
468,gnome-color-manager
469,gnome-common
470,gnome-control-center
471,gnome-desktop3
472,gnome-disk-utility
473,gnome-font-viewer
474,gnome-getting-started-docs
475,gnome-initial-setup
476,gnome-keyring
477,gnome-logs
478,gnome-menus
479,gnome-online-accounts
480,gnome-online-miners
481,gnome-photos
482,gnome-remote-desktop
483,gnome-screenshot
484,gnome-session
485,gnome-settings-daemon
486,gnome-shell
487,gnome-shell-extensions
488,gnome-software
489,gnome-system-monitor
490,gnome-terminal
491,gnome-themes-standard
492,gnome-tweaks
493,gnome-user-docs
494,gnome-video-effects
495,gnu-free-fonts
496,gnupg2
497,gnuplot
498,gnutls
499,go-srpm-macros
500,gobject-introspection
501,golang
502,golang-dbus
503,golang-github-axgle-mahonia
504,golang-github-cryptix-wav
505,golang-github-davecgh-go-spew
506,golang-github-disintegration-imaging
507,golang-github-fogleman-gg
508,golang-github-fsnotify-fsnotify
509,golang-github-gosexy-gettext
510,golang-github-kelvins-sunrisesunset
511,golang-github-lofanmi-pinyin
512,golang-github-mattn-go-sqlite3
513,golang-github-mozillazg-pinyin
514,golang-github-msteinert-pam
515,golang-github-nfnt-resize
516,golang-github-rickb777-date
517,golang-github-stretchr-testify
518,golang-gopkg-alecthomas-kingpin
519,golang-x-image
520,golang-x-text
521,golang-x-xerrors
522,gom
523,google-api-python-client
524,google-crosextra-caladea-fonts
525,google-crosextra-carlito-fonts
526,google-droid-fonts
527,google-noto-fonts
528,google-roboto-slab-fonts
529,gpac
530,gperf
531,gpgme
532,gpm
533,grafana
534,grafana-pcp
535,graphite2
536,graphviz
537,greenboot
538,grep
539,grilo
540,grilo-plugins
541,groff
542,grub2
543,grubby
544,gsettings-desktop-schemas
545,gsettings-qt
546,gsl
547,gsm
548,gsound
549,gspell
550,gssdp
551,gssntlmssp
552,gssproxy
553,gstreamer1
554,gstreamer1-plugins-bad-free
555,gstreamer1-plugins-base
556,gstreamer1-plugins-good
557,gstreamer1-plugins-ugly-free
558,gtk-vnc
559,gtk2
560,gtk3
561,gtkmm24
562,gtkmm30
563,gtksourceview3
564,gtkspell
565,gtkspell3
566,guile
567,gupnp
568,gupnp-av
569,gupnp-dlna
570,gupnp-igd
571,gutenprint
572,gvfs
573,gzip
574,hardlink
575,harfbuzz
576,hdparm
577,hesiod
578,hexchat
579,hicolor-icon-theme
580,highlight
581,hostname
582,hplip
583,hspell
584,htmlcxx
585,http-parser
586,httpd
587,hunspell
588,hunspell-af
589,hunspell-ak
590,hunspell-am
591,hunspell-ar
592,hunspell-as
593,hunspell-ast
594,hunspell-az
595,hunspell-be
596,hunspell-ber
597,hunspell-bg
598,hunspell-bn
599,hunspell-br
600,hunspell-ca
601,hunspell-cop
602,hunspell-csb
603,hunspell-cv
604,hunspell-cy
605,hunspell-da
606,hunspell-de
607,hunspell-dsb
608,hunspell-el
609,hunspell-en
610,hunspell-eo
611,hunspell-es
612,hunspell-et
613,hunspell-eu
614,hunspell-fa
615,hunspell-fj
616,hunspell-fo
617,hunspell-fr
618,hunspell-fur
619,hunspell-fy
620,hunspell-ga
621,hunspell-gd
622,hunspell-gl
623,hunspell-grc
624,hunspell-gu
625,hunspell-gv
626,hunspell-haw
627,hunspell-hi
628,hunspell-hil
629,hunspell-hr
630,hunspell-hsb
631,hunspell-ht
632,hunspell-hu
633,hunspell-hy
634,hunspell-ia
635,hunspell-id
636,hunspell-is
637,hunspell-it
638,hunspell-kk
639,hunspell-km
640,hunspell-kn
641,hunspell-ko
642,hunspell-ku
643,hunspell-ky
644,hunspell-la
645,hunspell-lb
646,hunspell-ln
647,hunspell-lt
648,hunspell-mai
649,hunspell-mg
650,hunspell-mi
651,hunspell-mk
652,hunspell-ml
653,hunspell-mn
654,hunspell-mos
655,hunspell-mr
656,hunspell-ms
657,hunspell-mt
658,hunspell-nds
659,hunspell-ne
660,hunspell-nl
661,hunspell-no
662,hunspell-nr
663,hunspell-nso
664,hunspell-ny
665,hunspell-oc
666,hunspell-om
667,hunspell-or
668,hunspell-pa
669,hunspell-pl
670,hunspell-pt
671,hunspell-qu
672,hunspell-quh
673,hunspell-ro
674,hunspell-ru
675,hunspell-rw
676,hunspell-sc
677,hunspell-se
678,hunspell-shs
679,hunspell-si
680,hunspell-sk
681,hunspell-sl
682,hunspell-smj
683,hunspell-so
684,hunspell-sq
685,hunspell-sr
686,hunspell-ss
687,hunspell-st
688,hunspell-sv
689,hunspell-sw
690,hunspell-ta
691,hunspell-te
692,hunspell-tet
693,hunspell-th
694,hunspell-ti
695,hunspell-tk
696,hunspell-tl
697,hunspell-tn
698,hunspell-tpi
699,hunspell-ts
700,hunspell-uk
701,hunspell-ur
702,hunspell-uz
703,hunspell-ve
704,hunspell-vi
705,hunspell-wa
706,hunspell-xh
707,hunspell-yi
708,hunspell-zu
709,hwdata
710,hwinfo
711,hwloc
712,hyphen
713,hyphen-as
714,hyphen-bg
715,hyphen-bn
716,hyphen-ca
717,hyphen-cy
718,hyphen-da
719,hyphen-de
720,hyphen-el
721,hyphen-es
722,hyphen-eu
723,hyphen-fa
724,hyphen-fo
725,hyphen-fr
726,hyphen-ga
727,hyphen-gl
728,hyphen-grc
729,hyphen-gu
730,hyphen-hi
731,hyphen-hsb
732,hyphen-hu
733,hyphen-ia
734,hyphen-id
735,hyphen-is
736,hyphen-it
737,hyphen-kn
738,hyphen-ku
739,hyphen-lt
740,hyphen-mi
741,hyphen-ml
742,hyphen-mn
743,hyphen-mr
744,hyphen-nl
745,hyphen-or
746,hyphen-pa
747,hyphen-pl
748,hyphen-pt
749,hyphen-ro
750,hyphen-ru
751,hyphen-sa
752,hyphen-sk
753,hyphen-sl
754,hyphen-sv
755,hyphen-ta
756,hyphen-te
757,hyphen-tk
758,hyphen-uk
759,i2c-tools
760,ibus
761,ibus-hangul
762,ibus-kkc
763,ibus-libpinyin
764,ibus-libzhuyin
765,ibus-m17n
766,ibus-sayura
767,ibus-table
768,ibus-table-chinese
769,ibus-typing-booster
770,icedtea-web
771,icoutils
772,icu
773,iio-sensor-proxy
774,ilmbase
775,ima-evm-utils
776,imlib2
777,imsettings
778,iniparser
779,initial-setup
780,initscripts
781,intel-cmt-cat
782,intltool
783,iotop
784,ipcalc
785,ipmitool
786,iproute
787,iprutils
788,ipset
789,iptables
790,iptraf-ng
791,iptstate
792,iputils
793,irqbalance
794,irssi
795,iscsi-initiator-utils
796,isl
797,isns-utils
798,iso-codes
799,isomd5sum
800,istack-commons
801,itstool
802,iw
803,jabberpy
804,jack-audio-connection-kit
805,jansson
806,jasper
807,java-1.8.0-alibaba-dragonwell
808,java-1.8.0-openjdk
809,java-11-alibaba-dragonwell
810,java-11-openjdk
811,java-17-openjdk
812,java-atk-wrapper
813,javapackages-tools
814,jbig2dec
815,jbigkit
816,jboss-annotations-1.2-api
817,jboss-jaxrs-2.0-api
818,jboss-logging
819,jboss-logging-tools
820,jdeparser
821,jemalloc
822,jigawatts
823,jimtcl
824,jna
825,jolokia-jvm-agent
826,jose
827,jq
828,json-c
829,json-glib
830,jvnet-parent
831,jxrlib
832,kabi-dw
833,kata-containers
834,kbd
835,kde-filesystem
836,kde-settings
837,kdecoration
838,kdump-anaconda-addon
839,keepalived
840,kernel
841,kexec-tools
842,keybinder3
843,keycloak-httpd-client-install
844,keyutils
845,kf5
846,kf5-attica
847,kf5-frameworkintegration
848,kf5-kactivities
849,kf5-karchive
850,kf5-kauth
851,kf5-kbookmarks
852,kf5-kcmutils
853,kf5-kcodecs
854,kf5-kcompletion
855,kf5-kconfig
856,kf5-kconfigwidgets
857,kf5-kcoreaddons
858,kf5-kcrash
859,kf5-kdbusaddons
860,kf5-kdeclarative
861,kf5-kded
862,kf5-kdelibs4support
863,kf5-kdesignerplugin
864,kf5-kdesu
865,kf5-kdoctools
866,kf5-kemoticons
867,kf5-kglobalaccel
868,kf5-kguiaddons
869,kf5-ki18n
870,kf5-kiconthemes
871,kf5-kidletime
872,kf5-kinit
873,kf5-kio
874,kf5-kirigami2
875,kf5-kitemmodels
876,kf5-kitemviews
877,kf5-kjobwidgets
878,kf5-knewstuff
879,kf5-knotifications
880,kf5-kpackage
881,kf5-kparts
882,kf5-kplotting
883,kf5-kpty
884,kf5-kservice
885,kf5-ktextwidgets
886,kf5-kunitconversion
887,kf5-kwallet
888,kf5-kwayland
889,kf5-kwidgetsaddons
890,kf5-kwindowsystem
891,kf5-kxmlgui
892,kf5-networkmanager-qt
893,kf5-plasma
894,kf5-solid
895,kf5-sonnet
896,kf5-syntax-highlighting
897,kmod
898,kmod-kvdo
899,kpatch
900,krb5
901,kronosnet
902,ksc
903,kscreenlocker
904,kwin
905,kyotocabinet
906,lame
907,langtable
908,lapack
909,lasso
910,latex2html
911,lcms2
912,ldns
913,ledmon
914,leptonica
915,less
916,lftp
917,libEMF
918,libICE
919,libSM
920,libX11
921,libXNVCtrl
922,libXScrnSaver
923,libXau
924,libXaw
925,libXcomposite
926,libXcursor
927,libXdamage
928,libXdmcp
929,libXext
930,libXfixes
931,libXfont2
932,libXft
933,libXi
934,libXinerama
935,libXmu
936,libXp
937,libXpm
938,libXrandr
939,libXrender
940,libXres
941,libXt
942,libXtst
943,libXv
944,libXvMC
945,libXxf86dga
946,libXxf86misc
947,libXxf86vm
948,libabw
949,libaio
950,libao
951,libappindicator
952,libappstream-glib
953,libarchive
954,libass
955,libassuan
956,libasyncns
957,libatasmart
958,libatomic_ops
959,libavc1394
960,libbase
961,libblockdev
962,libbpf
963,libburn
964,libbytesize
965,libcacard
966,libcanberra
967,libcap
968,libcap-ng
969,libcdio
970,libcdio-paranoia
971,libcdr
972,libcgroup
973,libchardet
974,libcmis
975,libcomps
976,libconfig
977,libcroco
978,libdaemon
979,libdatrie
980,libdazzle
981,libdb
982,libdbusmenu
983,libdc1394
984,libdmapsharing
985,libdmx
986,libdnf
987,libdrm
988,libdv
989,libdvdnav
990,libdvdread
991,libdwarf
992,libeasyfc
993,libecpg
994,libedit
995,libepoxy
996,libepubgen
997,liberation-fonts
998,liberation-narrow-fonts
999,libestr
1000,libetonyek
1001,libev
1002,libevdev
1003,libevent
1004,libexif
1005,libexttextcat
1006,libfabric
1007,libfastjson
1008,libffado
1009,libffi
1010,libfontenc
1011,libfonts
1012,libformula
1013,libfprint
1014,libfreehand
1015,libgcrypt
1016,libgdata
1017,libgdither
1018,libgee
1019,libgexiv2
1020,libgit2
1021,libgit2-glib
1022,libglvnd
1023,libgnomekbd
1024,libgovirt
1025,libgpg-error
1026,libgphoto2
1027,libgpod
1028,libgsf
1029,libgtop2
1030,libgudev
1031,libguestfs
1032,libgusb
1033,libgweather
1034,libgxim
1035,libgxps
1036,libhangul
1037,libhbaapi
1038,libhbalinux
1039,libhugetlbfs
1040,libical
1041,libid3tag
1042,libidn
1043,libidn2
1044,libiec61883
1045,libieee1284
1046,libijs
1047,libimobiledevice
1048,libindicator
1049,libinput
1050,libipt
1051,libiptcdata
1052,libisoburn
1053,libisofs
1054,libjpeg-turbo
1055,libkcapi
1056,libkeepalive
1057,libkkc
1058,libkkc-data
1059,libksba
1060,liblangtag
1061,liblayout
1062,libldb
1063,libloader
1064,liblockfile
1065,liblognorm
1066,liblouis
1067,libmad
1068,libmatchbox
1069,libmaxminddb
1070,libmbim
1071,libmediaart
1072,libmediainfo
1073,libmemcached
1074,libmetalink
1075,libmfx
1076,libmicrohttpd
1077,libmng
1078,libmnl
1079,libmodman
1080,libmodplug
1081,libmodulemd
1082,libmpc
1083,libmspack
1084,libmspub
1085,libmtp
1086,libmusicbrainz5
1087,libmwaw
1088,libndp
1089,libnet
1090,libnetfilter_conntrack
1091,libnetfilter_cthelper
1092,libnetfilter_cttimeout
1093,libnetfilter_queue
1094,libnfnetlink
1095,libnftnl
1096,libnice
1097,libnl3
1098,libnma
1099,libnotify
1100,libnsl2
1101,libnumbertext
1102,liboauth
1103,libodfgen
1104,libogg
1105,libopenraw
1106,liborcus
1107,libosinfo
1108,libotf
1109,libpagemaker
1110,libpaper
1111,libpcap
1112,libpciaccess
1113,libpeas
1114,libpfm
1115,libpinyin
1116,libpipeline
1117,libplist
1118,libpng
1119,libpng12
1120,libpq
1121,libproxy
1122,libpsl
1123,libpsm2
1124,libpst
1125,libpwquality
1126,libqb
1127,libqmi
1128,libqrtr-glib
1129,libqtxdg
1130,libquvi
1131,libquvi-scripts
1132,libqxp
1133,librabbitmq
1134,libraw1394
1135,librdkafka
1136,librelp
1137,libreoffice
1138,libreoffice-voikko
1139,librepo
1140,libreport
1141,librepository
1142,libreswan
1143,librevenge
1144,librhsm
1145,librsvg2
1146,libsamplerate
1147,libseccomp
1148,libsecret
1149,libselinux
1150,libsemanage
1151,libsepol
1152,libserializer
1153,libshout
1154,libsigc++20
1155,libsigsegv
1156,libsmbios
1157,libsmi
1158,libsndfile
1159,libsolv
1160,libsoup
1161,libspectre
1162,libspiro
1163,libsrtp
1164,libssh
1165,libstaroffice
1166,libstemmer
1167,libstoragemgmt
1168,libsvm
1169,libtalloc
1170,libtar
1171,libtasn1
1172,libtdb
1173,libteam
1174,libtevent
1175,libthai
1176,libtheora
1177,libtiff
1178,libtimezonemap
1179,libtirpc
1180,libtool
1181,libucil
1182,libunicap
1183,libuninameslist
1184,libunistring
1185,liburing
1186,libusb
1187,libusbmuxd
1188,libusbx
1189,libuser
1190,libutempter
1191,libuv
1192,libva
1193,libvarlink
1194,libvdpau
1195,libverto
1196,libvirt
1197,libvirt-dbus
1198,libvirt-glib
1199,libvirt-python
1200,libvisio
1201,libvisual
1202,libvncserver
1203,libvoikko
1204,libvorbis
1205,libvpx
1206,libwacom
1207,libwebp
1208,libwmf
1209,libwnck3
1210,libwpd
1211,libwpg
1212,libwps
1213,libx86emu
1214,libxcb
1215,libxcrypt
1216,libxkbcommon
1217,libxkbfile
1218,libxklavier
1219,libxml++
1220,libxml2
1221,libxmlb
1222,libxshmfence
1223,libxslt
1224,libyami
1225,libyaml
1226,libyang
1227,libzen
1228,libzmf
1229,lightdm
1230,lightdm-gtk
1231,lightdm-gtk-greeter-settings
1232,linux-firmware
1233,linuxconsoletools
1234,linuxdoc-tools
1235,lksctp-tools
1236,lldpad
1237,lldpd
1238,llvm
1239,lm_sensors
1240,lmdb
1241,lockdev
1242,log4j
1243,logrotate
1244,logwatch
1245,lorax
1246,lorax-templates-anolis
1247,lpsolve
1248,lrzsz
1249,lshw
1250,lsof
1251,lsscsi
1252,lttng-ust
1253,lua
1254,lua-expat
1255,lua-filesystem
1256,lua-json
1257,lua-lpeg
1258,lua-posix
1259,lua-rpm-macros
1260,lua-socket
1261,luajit
1262,lucene++
1263,luksmeta
1264,lvm2
1265,lz4
1266,lzo
1267,lzop
1268,m17n-db
1269,m17n-lib
1270,m4
1271,mailcap
1272,mailx
1273,make
1274,malaga
1275,malaga-suomi-voikko
1276,mallard-rng
1277,man-db
1278,mariadb
1279,mariadb-connector-c
1280,mariadb-connector-odbc
1281,mariadb-java-client
1282,marisa
1283,matchbox-window-manager
1284,maven-plugin-bundle
1285,mc
1286,mcelog
1287,mcpp
1288,mcstrans
1289,mdadm
1290,meanwhile
1291,mecab
1292,media-player-info
1293,memcached
1294,memstrack
1295,memtest86+
1296,mesa
1297,mesa-demos
1298,mesa-libGLU
1299,mesa-libGLw
1300,meson
1301,metacity
1302,microcode_ctl
1303,microdnf
1304,micropipenv
1305,mimetic
1306,mingw-binutils
1307,mingw-bzip2
1308,mingw-cairo
1309,mingw-crt
1310,mingw-expat
1311,mingw-filesystem
1312,mingw-fontconfig
1313,mingw-freetype
1314,mingw-gcc
1315,mingw-gettext
1316,mingw-glib2
1317,mingw-gstreamer1
1318,mingw-harfbuzz
1319,mingw-headers
1320,mingw-icu
1321,mingw-libffi
1322,mingw-libjpeg-turbo
1323,mingw-libpng
1324,mingw-libtiff
1325,mingw-openssl
1326,mingw-pcre
1327,mingw-pixman
1328,mingw-pkg-config
1329,mingw-readline
1330,mingw-sqlite
1331,mingw-termcap
1332,mingw-win-iconv
1333,mingw-winpthreads
1334,mingw-zlib
1335,minicom
1336,minizip
1337,mksh
1338,mlocate
1339,mobile-broadband-provider-info
1340,mod_auth_gssapi
1341,mod_auth_mellon
1342,mod_authnz_pam
1343,mod_fcgid
1344,mod_intercept_form_submit
1345,mod_lookup_identity
1346,mod_security
1347,mod_security_crs
1348,mod_wsgi
1349,modulemd-tools
1350,mokutil
1351,motif
1352,mousetweaks
1353,mozilla-filesystem
1354,mozjs52
1355,mozjs60
1356,mozvoikko
1357,mpfr
1358,mpg123
1359,mpich
1360,mpitests
1361,mpv
1362,mrtg
1363,mstflint
1364,mt-st
1365,mtdev
1366,mtools
1367,mtr
1368,mtx
1369,multilib-rpm-config
1370,munge
1371,mutt
1372,mutter
1373,mvapich2
1374,mysql
1375,mythes
1376,mythes-bg
1377,mythes-ca
1378,mythes-cs
1379,mythes-da
1380,mythes-de
1381,mythes-el
1382,mythes-en
1383,mythes-es
1384,mythes-fr
1385,mythes-ga
1386,mythes-hu
1387,mythes-it
1388,mythes-mi
1389,mythes-ne
1390,mythes-nl
1391,mythes-pl
1392,mythes-pt
1393,mythes-ro
1394,mythes-ru
1395,mythes-sk
1396,mythes-sl
1397,mythes-sv
1398,mythes-uk
1399,nano
1400,nasm
1401,nautilus
1402,ncompress
1403,ncurses
1404,ndctl
1405,neon
1406,net-snmp
1407,net-tools
1408,netlabel_tools
1409,netpbm
1410,nettle
1411,network-manager-applet
1412,newt
1413,nfs-utils
1414,nfs4-acl-tools
1415,nftables
1416,nghttp2
1417,nginx
1418,ninja-build
1419,nispor
1420,nmap
1421,nmstate
1422,nodejs
1423,nodejs-nodemon
1424,nodejs-packaging
1425,npth
1426,nspr
1427,nss
1428,nss_nis
1429,nss_wrapper
1430,ntfs-3g
1431,numactl
1432,numad
1433,numatop
1434,numpy
1435,nvme-cli
1436,nvmetcli
1437,ocaml
1438,ocaml-camlp4
1439,ocaml-extlib
1440,ocaml-findlib
1441,ocaml-labltk
1442,ocaml-ocamlbuild
1443,ocaml-srpm-macros
1444,onboard
1445,ongres-scram
1446,oniguruma
1447,opa-ff
1448,opa-fm
1449,open-vm-tools
1450,openal-soft
1451,openblas
1452,openblas-srpm-macros
1453,openbox
1454,openchange
1455,opencore-amr
1456,opencryptoki
1457,opencv
1458,openhpi
1459,openjade
1460,openjpeg2
1461,openldap
1462,openmpi
1463,openoffice-lv
1464,openoffice.org-dict-cs_CZ
1465,openpgm
1466,opensc
1467,openscap
1468,openslp
1469,opensm
1470,opensp
1471,openssh
1472,openssl
1473,openssl-ibmpkcs11
1474,openssl-pkcs11
1475,openwsman
1476,opus
1477,orc
1478,orca
1479,os-prober
1480,osbuild
1481,osbuild-composer
1482,oscap-anaconda-addon
1483,osinfo-db
1484,osinfo-db-tools
1485,ostree
1486,p11-kit
1487,p7zip
1488,pacemaker
1489,pakchois
1490,pam
1491,pango
1492,pangomm
1493,papi
1494,papirus-icon-theme
1495,paps
1496,parted
1497,passwd
1498,patch
1499,patchutils
1500,pavucontrol
1501,pcaudiolib
1502,pciutils
1503,pcp
1504,pcre
1505,pcre2
1506,pcs
1507,pcsc-lite
1508,pcsc-lite-ccid
1509,pentaho-libxml
1510,pentaho-reporting-flow-engine
1511,perftest
1512,perl
1513,perl-Algorithm-Diff
1514,perl-Archive-Tar
1515,perl-Archive-Zip
1516,perl-Authen-SASL
1517,perl-B-Debug
1518,perl-B-Hooks-EndOfScope
1519,perl-B-Lint
1520,perl-Bit-Vector
1521,perl-CGI
1522,perl-CPAN
1523,perl-CPAN-Meta
1524,perl-CPAN-Meta-Requirements
1525,perl-CPAN-Meta-YAML
1526,perl-Capture-Tiny
1527,perl-Carp
1528,perl-Carp-Clan
1529,perl-Class-Data-Inheritable
1530,perl-Class-Factory-Util
1531,perl-Class-ISA
1532,perl-Class-Inspector
1533,perl-Class-Method-Modifiers
1534,perl-Class-Singleton
1535,perl-Class-XSAccessor
1536,perl-Compress-Bzip2
1537,perl-Compress-Raw-Bzip2
1538,perl-Compress-Raw-Zlib
1539,perl-Config-AutoConf
1540,perl-Config-Perl-V
1541,perl-Config-Tiny
1542,perl-Convert-ASN1
1543,perl-Crypt-OpenSSL-Bignum
1544,perl-Crypt-OpenSSL-RSA
1545,perl-Crypt-OpenSSL-Random
1546,perl-DBD-MySQL
1547,perl-DBD-SQLite
1548,perl-DBI
1549,perl-DB_File
1550,perl-Data-Dump
1551,perl-Data-Dumper
1552,perl-Data-OptList
1553,perl-Data-Section
1554,perl-Date-Calc
1555,perl-Date-ISO8601
1556,perl-Date-Manip
1557,perl-DateTime
1558,perl-DateTime-Format-Builder
1559,perl-DateTime-Format-HTTP
1560,perl-DateTime-Format-ISO8601
1561,perl-DateTime-Format-Mail
1562,perl-DateTime-Format-Strptime
1563,perl-DateTime-Locale
1564,perl-DateTime-TimeZone
1565,perl-DateTime-TimeZone-SystemV
1566,perl-DateTime-TimeZone-Tzfile
1567,perl-Devel-CallChecker
1568,perl-Devel-Caller
1569,perl-Devel-GlobalDestruction
1570,perl-Devel-LexAlias
1571,perl-Devel-PPPort
1572,perl-Devel-Size
1573,perl-Devel-StackTrace
1574,perl-Devel-Symdump
1575,perl-Digest
1576,perl-Digest-HMAC
1577,perl-Digest-MD5
1578,perl-Digest-SHA
1579,perl-Dist-CheckConflicts
1580,perl-DynaLoader-Functions
1581,perl-Encode
1582,perl-Encode-Detect
1583,perl-Encode-Locale
1584,perl-Env
1585,perl-Error
1586,perl-Eval-Closure
1587,perl-Exception-Class
1588,perl-Exporter
1589,perl-Exporter-Tiny
1590,perl-ExtUtils-CBuilder
1591,perl-ExtUtils-Install
1592,perl-ExtUtils-MakeMaker
1593,perl-ExtUtils-Manifest
1594,perl-ExtUtils-ParseXS
1595,perl-Fedora-VSP
1596,perl-File-BaseDir
1597,perl-File-CheckTree
1598,perl-File-DesktopEntry
1599,perl-File-Fetch
1600,perl-File-Find-Object
1601,perl-File-Find-Rule
1602,perl-File-HomeDir
1603,perl-File-Listing
1604,perl-File-MimeInfo
1605,perl-File-Path
1606,perl-File-ReadBackwards
1607,perl-File-Remove
1608,perl-File-ShareDir
1609,perl-File-Slurp
1610,perl-File-Temp
1611,perl-File-Which
1612,perl-Filter
1613,perl-Filter-Simple
1614,perl-GSSAPI
1615,perl-Getopt-Long
1616,perl-HTML-Parser
1617,perl-HTML-Tagset
1618,perl-HTML-Tree
1619,perl-HTTP-Cookies
1620,perl-HTTP-Date
1621,perl-HTTP-Message
1622,perl-HTTP-Negotiate
1623,perl-HTTP-Tiny
1624,perl-IO-All
1625,perl-IO-Compress
1626,perl-IO-HTML
1627,perl-IO-Multiplex
1628,perl-IO-Socket-INET6
1629,perl-IO-Socket-IP
1630,perl-IO-Socket-SSL
1631,perl-IO-String
1632,perl-IO-Tty
1633,perl-IO-stringy
1634,perl-IPC-Cmd
1635,perl-IPC-Run
1636,perl-IPC-SysV
1637,perl-IPC-System-Simple
1638,perl-Importer
1639,perl-JSON
1640,perl-JSON-PP
1641,perl-JSON-XS
1642,perl-LDAP
1643,perl-LWP-MediaTypes
1644,perl-List-MoreUtils
1645,perl-List-MoreUtils-XS
1646,perl-Locale-Codes
1647,perl-Locale-Maketext
1648,perl-MIME-Base64
1649,perl-MIME-Charset
1650,perl-MRO-Compat
1651,perl-Mail-DKIM
1652,perl-Mail-SPF
1653,perl-Mail-Sender
1654,perl-MailTools
1655,perl-Math-BigInt
1656,perl-Math-BigInt-FastCalc
1657,perl-Math-BigRat
1658,perl-Module-Build
1659,perl-Module-CoreList
1660,perl-Module-Implementation
1661,perl-Module-Install
1662,perl-Module-Install-AuthorTests
1663,perl-Module-Install-ReadmeFromPod
1664,perl-Module-Load
1665,perl-Module-Load-Conditional
1666,perl-Module-Metadata
1667,perl-Module-Pluggable
1668,perl-Module-ScanDeps
1669,perl-Mozilla-LDAP
1670,perl-NTLM
1671,perl-Net-DNS
1672,perl-Net-HTTP
1673,perl-Net-SMTP-SSL
1674,perl-Net-SSLeay
1675,perl-Net-Server
1676,perl-NetAddr-IP
1677,perl-Number-Compare
1678,perl-Package-DeprecationManager
1679,perl-Package-Generator
1680,perl-Package-Stash
1681,perl-Package-Stash-XS
1682,perl-PadWalker
1683,perl-Params-Check
1684,perl-Params-Classify
1685,perl-Params-Util
1686,perl-Params-Validate
1687,perl-Params-ValidationCompiler
1688,perl-Parse-Yapp
1689,perl-Path-Tiny
1690,perl-PathTools
1691,perl-Perl-OSType
1692,perl-PerlIO-via-QuotedPrint
1693,perl-Pod-Checker
1694,perl-Pod-Coverage
1695,perl-Pod-Escapes
1696,perl-Pod-LaTeX
1697,perl-Pod-Markdown
1698,perl-Pod-Parser
1699,perl-Pod-Perldoc
1700,perl-Pod-Plainer
1701,perl-Pod-Simple
1702,perl-Pod-Usage
1703,perl-Ref-Util
1704,perl-Ref-Util-XS
1705,perl-Role-Tiny
1706,perl-SGMLSpm
1707,perl-SNMP_Session
1708,perl-SUPER
1709,perl-Scalar-List-Utils
1710,perl-Scope-Guard
1711,perl-Socket
1712,perl-Socket6
1713,perl-Software-License
1714,perl-Specio
1715,perl-Storable
1716,perl-String-CRC32
1717,perl-Sub-Exporter
1718,perl-Sub-Exporter-Progressive
1719,perl-Sub-Identify
1720,perl-Sub-Info
1721,perl-Sub-Install
1722,perl-Sub-Name
1723,perl-Sub-Uplevel
1724,perl-Sys-CPU
1725,perl-Sys-MemInfo
1726,perl-Sys-Syslog
1727,perl-Term-ANSIColor
1728,perl-Term-Cap
1729,perl-Term-Size-Any
1730,perl-Term-Size-Perl
1731,perl-Term-Table
1732,perl-TermReadKey
1733,perl-Test-Exception
1734,perl-Test-Harness
1735,perl-Test-Pod-Coverage
1736,perl-Test-Simple
1737,perl-Test-Warn
1738,perl-Test2-Suite
1739,perl-Text-Balanced
1740,perl-Text-CharWidth
1741,perl-Text-Diff
1742,perl-Text-Glob
1743,perl-Text-ParseWords
1744,perl-Text-Soundex
1745,perl-Text-Tabs+Wrap
1746,perl-Text-Template
1747,perl-Text-Unidecode
1748,perl-Text-WrapI18N
1749,perl-Thread-Queue
1750,perl-Time-HiRes
1751,perl-Time-Local
1752,perl-TimeDate
1753,perl-Tk
1754,perl-Try-Tiny
1755,perl-Types-Serialiser
1756,perl-URI
1757,perl-Unicode-Collate
1758,perl-Unicode-EastAsianWidth
1759,perl-Unicode-LineBreak
1760,perl-Unicode-Normalize
1761,perl-Unicode-UTF8
1762,perl-Unix-Syslog
1763,perl-Variable-Magic
1764,perl-WWW-RobotRules
1765,perl-XML-Catalog
1766,perl-XML-DOM
1767,perl-XML-LibXML
1768,perl-XML-LibXML-PrettyPrint
1769,perl-XML-NamespaceSupport
1770,perl-XML-Parser
1771,perl-XML-RegExp
1772,perl-XML-SAX
1773,perl-XML-SAX-Base
1774,perl-XML-Simple
1775,perl-XML-TokeParser
1776,perl-XML-Twig
1777,perl-XML-XPath
1778,perl-YAML
1779,perl-YAML-Tiny
1780,perl-autodie
1781,perl-bignum
1782,perl-common-sense
1783,perl-constant
1784,perl-experimental
1785,perl-generators
1786,perl-gettext
1787,perl-inc-latest
1788,perl-libintl-perl
1789,perl-libnet
1790,perl-libwww-perl
1791,perl-libxml-perl
1792,perl-local-lib
1793,perl-namespace-autoclean
1794,perl-namespace-clean
1795,perl-parent
1796,perl-perlfaq
1797,perl-podlators
1798,perl-srpm-macros
1799,perl-threads
1800,perl-threads-shared
1801,perl-version
1802,perltidy
1803,pesign
1804,phonon
1805,pidgin
1806,pidgin-sipe
1807,pigz
1808,pinentry
1809,pinfo
1810,pipewire
1811,pipewire0.2
1812,pixman
1813,pkgconf
1814,plasma-breeze
1815,plotutils
1816,plymouth
1817,pmdk
1818,pmix
1819,po4a
1820,policycoreutils
1821,polkit
1822,polkit-pkla-compat
1823,polkit-qt-1
1824,poppler
1825,poppler-data
1826,popt
1827,portreserve
1828,postfix
1829,postgresql-jdbc
1830,postgresql-odbc
1831,potrace
1832,powertop
1833,ppp
1834,prefixdevname
1835,procmail
1836,procps-ng
1837,prometheus-jmx-exporter
1838,protobuf
1839,protobuf-c
1840,ps_mem
1841,psacct
1842,psmisc
1843,pstoedit
1844,publicsuffix-list
1845,pugixml
1846,pulseaudio
1847,pyOpenSSL
1848,pyatspi
1849,pycairo
1850,pygobject3
1851,pykickstart
1852,pyodbc
1853,pyparsing
1854,pyparted
1855,pyserial
1856,pytest
1857,python-argcomplete
1858,python-argh
1859,python-asn1crypto
1860,python-attrs
1861,python-augeas
1862,python-blivet
1863,python-boto3
1864,python-botocore
1865,python-cffi
1866,python-chardet
1867,python-click
1868,python-configobj
1869,python-configshell
1870,python-coverage
1871,python-cpio
1872,python-cryptography
1873,python-cups
1874,python-dasbus
1875,python-dateutil
1876,python-dbus-client-gen
1877,python-dbus-python-client-gen
1878,python-dbus-signature-pyparsing
1879,python-decorator
1880,python-dmidecode
1881,python-dns
1882,python-enchant
1883,python-ethtool
1884,python-evdev
1885,python-fasteners
1886,python-flask
1887,python-gevent
1888,python-gflags
1889,python-greenlet
1890,python-gssapi
1891,python-html5lib
1892,python-httplib2
1893,python-humanize
1894,python-hwdata
1895,python-idna
1896,python-imagesize
1897,python-iniparse
1898,python-inotify
1899,python-into-dbus-python
1900,python-itsdangerous
1901,python-jinja2
1902,python-jmespath
1903,python-jsonpatch
1904,python-jsonpointer
1905,python-jsonschema
1906,python-justbases
1907,python-justbytes
1908,python-jwt
1909,python-kmod
1910,python-ldap
1911,python-linux-procfs
1912,python-lxml
1913,python-mako
1914,python-markupsafe
1915,python-meh
1916,python-mock
1917,python-netaddr
1918,python-netifaces
1919,python-networkx
1920,python-ntplib
1921,python-oauth2client
1922,python-oauthlib
1923,python-ordered-set
1924,python-packaging
1925,python-pexpect
1926,python-pid
1927,python-pillow
1928,python-pip
1929,python-pluggy
1930,python-ply
1931,python-prettytable
1932,python-productmd
1933,python-psutil
1934,python-psycopg2
1935,python-ptyprocess
1936,python-py
1937,python-pyasn1
1938,python-pycparser
1939,python-pycurl
1940,python-pydbus
1941,python-pyghmi
1942,python-pysocks
1943,python-pytoml
1944,python-pyudev
1945,python-qt5
1946,python-reportlab
1947,python-requests
1948,python-requests-file
1949,python-requests-ftp
1950,python-requests-oauthlib
1951,python-resolvelib
1952,python-rpm-macros
1953,python-rpmfluff
1954,python-rtslib
1955,python-s3transfer
1956,python-schedutils
1957,python-semantic_version
1958,python-setuptools
1959,python-simpleline
1960,python-six
1961,python-slip
1962,python-snowballstemmer
1963,python-sphinx
1964,python-sphinx-theme-alabaster
1965,python-sphinx_rtd_theme
1966,python-sphinxcontrib-websupport
1967,python-suds
1968,python-sushy
1969,python-systemd
1970,python-uritemplate
1971,python-urllib3
1972,python-urwid
1973,python-varlink
1974,python-webencodings
1975,python-werkzeug
1976,python-whoosh
1977,python2
1978,python2-pip
1979,python2-setuptools
1980,python3
1981,python3-azure-sdk
1982,python36
1983,python38
1984,python3x-six
1985,pytz
1986,pywbem
1987,pyxdg
1988,qatengine
1989,qatlib
1990,qatzip
1991,qemu-kvm
1992,qgnomeplatform
1993,qpdf
1994,qt5
1995,qt5-qt3d
1996,qt5-qtbase
1997,qt5-qtcanvas3d
1998,qt5-qtconnectivity
1999,qt5-qtdeclarative
2000,qt5-qtgraphicaleffects
2001,qt5-qtimageformats
2002,qt5-qtlocation
2003,qt5-qtmultimedia
2004,qt5-qtquickcontrols
2005,qt5-qtquickcontrols2
2006,qt5-qtscript
2007,qt5-qtsensors
2008,qt5-qtserialbus
2009,qt5-qtserialport
2010,qt5-qtsvg
2011,qt5-qttools
2012,qt5-qtvirtualkeyboard
2013,qt5-qtwayland
2014,qt5-qtwebchannel
2015,qt5-qtwebengine
2016,qt5-qtwebsockets
2017,qt5-qtx11extras
2018,qt5-qtxmlpatterns
2019,qtchooser
2020,quota
2021,raptor2
2022,rarian
2023,rasdaemon
2024,rasqal
2025,rdma-core
2026,readline
2027,realmd
2028,rear
2029,redfish-finder
2030,redhat-lsb
2031,redhat-menus
2032,redhat-rpm-config
2033,redhat-support-lib-python
2034,redhat-support-tool
2035,redland
2036,resource-agents
2037,rest
2038,rhythmbox
2039,rig
2040,rng-tools
2041,rootfiles
2042,rpcbind
2043,rpm
2044,rpm-ostree
2045,rpmdevtools
2046,rpmlint
2047,rrdtool
2048,rsync
2049,rsyslog
2050,rtkit
2051,rubberband
2052,ruby
2053,rust-srpm-macros
2054,saab-fonts
2055,sac
2056,samba
2057,sane-backends
2058,sane-frontends
2059,sanlock
2060,satyr
2061,sbc
2062,sbd
2063,sblim-cmpi-base
2064,sblim-gather
2065,sblim-indication_helper
2066,sblim-sfcCommon
2067,sblim-sfcb
2068,sblim-sfcc
2069,sblim-wbemcli
2070,scap-security-guide
2071,scap-workbench
2072,scipy
2073,scl-utils
2074,scrub
2075,seahorse
2076,sed
2077,selinux-policy
2078,sendmail
2079,setools
2080,setroubleshoot
2081,setroubleshoot-plugins
2082,setserial
2083,setup
2084,sg3_utils
2085,sgml-common
2086,sgpio
2087,shadow-utils
2088,shared-mime-info
2089,shim
2090,sip
2091,skkdic
2092,slang
2093,smartmontools
2094,smc-tools
2095,snappy
2096,sombok
2097,sos
2098,sos-collector
2099,sound-theme-freedesktop
2100,soundtouch
2101,source-highlight
2102,soxr
2103,spamassassin
2104,speech-dispatcher
2105,speex
2106,speexdsp
2107,spice
2108,spice-gtk
2109,spice-streaming-agent
2110,spice-vdagent
2111,spirv-tools
2112,splix
2113,sqlite
2114,squashfs-tools
2115,srt
2116,sscg
2117,sshpass
2118,sssd
2119,star
2120,startdde
2121,startup-notification
2122,strace
2123,stratis-cli
2124,stratisd
2125,stress-ng
2126,stunnel
2127,subversion
2128,sudo
2129,suitesparse
2130,sushi
2131,switcheroo-control
2132,symlinks
2133,sysfsutils
2134,syslinux
2135,sysstat
2136,system-config-printer
2137,system-lsb
2138,system-storage-manager
2139,systemd
2140,systemtap
2141,taglib
2142,tagsoup
2143,tang
2144,tar
2145,targetcli
2146,tbb
2147,tboot
2148,tcl
2149,teckit
2150,tesseract
2151,tesseract-tessdata
2152,tex-fonts-hebrew
2153,texi2html
2154,texinfo
2155,texlive
2156,thermald
2157,thunderbird
2158,tigervnc
2159,time
2160,timedatex
2161,tinycdb
2162,tix
2163,tk
2164,tlog
2165,tmpwatch
2166,tmux
2167,tog-pegasus
2168,tokyocabinet
2169,torque
2170,totem
2171,totem-pl-parser
2172,tpm-quote-tools
2173,tpm-tools
2174,tpm2-abrmd
2175,tpm2-abrmd-selinux
2176,tpm2-tools
2177,tpm2-tss
2178,trace-cmd
2179,tracer
2180,traceroute
2181,tracker
2182,tracker-miners
2183,tree
2184,trousers
2185,tss2
2186,ttmkfdir
2187,tuna
2188,tuned
2189,twolame
2190,tzdata
2191,uchardet
2192,ucs-miscfixed-fonts
2193,ucx
2194,udisks2
2195,udisks2-qt5
2196,uglify-js
2197,unbound
2198,unicode-ucd
2199,units
2200,unixODBC
2201,unrar
2202,unzip
2203,upower
2204,urlview
2205,urw-base35-fonts
2206,usb_modeswitch
2207,usb_modeswitch-data
2208,usbguard
2209,usbmuxd
2210,usbredir
2211,usbutils
2212,usermode
2213,userspace-rcu
2214,util-linux
2215,v4l-utils
2216,valgrind
2217,vamp-plugin-sdk
2218,vapoursynth
2219,vdo
2220,vhostmd
2221,vid.stab
2222,vim
2223,vinagre
2224,vino
2225,virt-manager
2226,virt-p2v
2227,virt-top
2228,virt-viewer
2229,virt-what
2230,vmaf
2231,vo-amrwbenc
2232,volume_key
2233,vorbis-tools
2234,vte291
2235,vulkan-loader
2236,vulkan-tools
2237,vulkan-validation-layers
2238,watchdog
2239,wavpack
2240,wayland
2241,web-assets
2242,webkit2gtk3
2243,webrtc-audio-processing
2244,wget
2245,which
2246,wireshark
2247,woff2
2248,words
2249,wpa_supplicant
2250,wsmancli
2251,x264
2252,x265
2253,x3270
2254,xapian-core
2255,xcb-util
2256,xcb-util-cursor
2257,xcb-util-image
2258,xcb-util-keysyms
2259,xcb-util-renderutil
2260,xcb-util-wm
2261,xdelta
2262,xdg-desktop-portal
2263,xdg-desktop-portal-gtk
2264,xdg-user-dirs
2265,xdg-user-dirs-gtk
2266,xdg-utils
2267,xerces-c
2268,xfsdump
2269,xfsprogs
2270,xkeyboard-config
2271,xmlrpc-c
2272,xmlsec1
2273,xmlto
2274,xorg-x11-drivers
2275,xorg-x11-drv-ati
2276,xorg-x11-drv-dummy
2277,xorg-x11-drv-evdev
2278,xorg-x11-drv-fbdev
2279,xorg-x11-drv-intel
2280,xorg-x11-drv-libinput
2281,xorg-x11-drv-nouveau
2282,xorg-x11-drv-qxl
2283,xorg-x11-drv-v4l
2284,xorg-x11-drv-vesa
2285,xorg-x11-drv-vmware
2286,xorg-x11-drv-wacom
2287,xorg-x11-font-utils
2288,xorg-x11-fonts
2289,xorg-x11-server
2290,xorg-x11-server-Xwayland
2291,xorg-x11-server-utils
2292,xorg-x11-util-macros
2293,xorg-x11-utils
2294,xorg-x11-xauth
2295,xorg-x11-xbitmaps
2296,xorg-x11-xinit
2297,xorg-x11-xkb-utils
2298,xrestop
2299,xsane
2300,xsettingsd
2301,xterm
2302,xvidcore
2303,xz
2304,yajl
2305,yasm
2306,yelp
2307,yelp-tools
2308,yelp-xsl
2309,yp-tools
2310,ypbind
2311,ypserv
2312,zaf
2313,zenity
2314,zeromq3
2315,zimg
2316,zip
2317,zlib
2318,zsh
2319,zssh
2320,zstd
2321,zvbi
2322,zziplib
