a52dec,应用工具
aajohan-comfortaa-fonts,桌面
abattis-cantarell-fonts,桌面
abrt,应用工具
abrt-java-connector,应用库
accel-config,应用工具
accountsservice,应用库
acl,核心工具
acpica-tools,系统工具
acpid,系统服务
adcli,应用工具
adobe-mappings-cmap,应用工具
adobe-mappings-pdf,应用工具
adwaita-icon-theme,桌面
adwaita-qt,应用库
aide,应用工具
alsa-firmware,系统服务
alsa-lib,系统库
alsa-plugins,系统工具
alsa-sof-firmware,系统服务
alsa-tools,系统工具
alsa-utils,系统工具
amanda,应用工具
anaconda,系统工具
anaconda-user-help,系统工具
annobin,应用工具
anolis-indexhtml,基础环境
anolis-logos,基础环境
anolis-rawhide-release,基础环境
anolis-release,基础环境
ansible-collection-microsoft-sql,应用工具
ansible-core,应用工具
ansible-freeipa,应用工具
ansible-pcp,应用工具
aom,应用库
appstream-data,应用库
apr,应用库
apr-util,应用工具
arpwatch,应用工具
asciidoc,应用工具
aspell,应用工具
aspell-en,应用工具
at,系统工具
atk,系统库
atkmm,系统库
atlas,系统工具
at-spi2-atk,系统工具
at-spi2-core,系统工具
attr,核心工具
audit,核心工具
augeas,应用服务
authd,系统服务
authselect,系统工具
autoconf,应用工具
autoconf213,应用工具
autoconf-archive,系统库
autofs,应用服务
autogen,应用工具
automake,应用工具
autotrace,应用工具
avahi,应用服务
awscli,应用工具
babassl,应用工具
babel,应用工具
babeltrace,应用工具
babl,应用库
bacula,应用工具
baobab,应用工具
basesystem,基础环境
bash,核心工具
bash-completion,应用工具
bc,系统工具
bcc,应用工具
bind,系统服务
bind9.16,系统服务
binutils,系统工具
biosdevname,系统工具
bison,应用库
bitmap-fonts,桌面
blktrace,系统工具
bluez,系统工具
blur-effect,应用库
bogofilter,应用工具
bolt,应用服务
boom-boot,系统工具
boost,应用库
booth,应用工具
bpftrace,应用工具
bpg-fonts,桌面
brasero,应用工具
breeze-icon-theme,桌面
brltty,应用工具
brotli,应用库
bubblewrap,应用库
byacc,系统服务
byteman,应用工具
byzanz,桌面
bzip2,核心工具
c2esp,应用库
ca-certificates,系统工具
cachefilesd,系统服务
cairo,系统库
cairomm,系统库
c-ares,系统服务
cdparanoia,应用库
cdrdao,应用工具
cdrkit,应用库
celt051,应用库
ceph,大数据
certmonger,应用工具
cgdcbxd,应用服务
chan,系统服务
check,应用工具
checkpolicy,系统工具
cheese,桌面
chkconfig,系统工具
chrome-gnome-shell,桌面
chrony,应用服务
chrpath,系统服务
cifs-utils,应用工具
cim-schema,应用服务
cjose,应用库
clang,应用库
cldr-emoji-annotation,应用工具
clevis,应用工具
cloud-init,云原生
cloud-utils-growpart,云原生
clucene,应用工具
clufter,系统工具
clutter,应用库
clutter-gst2,应用库
clutter-gst3,应用库
clutter-gtk,应用库
cmake,应用工具
cmocka,应用库
cockpit,应用库
cockpit-appstream,应用库
cockpit-composer,应用库
cockpit-session-recording,应用库
codemodel,应用库
cogl,应用库
colord,应用服务
colord-gtk,应用库
color-filesystem,应用库
compat-exiv2-026,应用库
compat-guile18,应用工具
compat-libgfortran-48,应用库
compat-libtiff3,应用库
compat-openssl10,应用库
conntrack-tools,应用工具
containerd,应用服务
container-exception-logger,系统服务
convmv,应用工具
copy-jdk-configs,应用工具
coreos-installer,应用工具
coreutils,系统工具
corosync,应用库
corosync-qdevice,应用服务
cpio,系统工具
cppcheck,应用工具
cppunit,应用工具
cracklib,系统库
crash,应用工具
crash-gcore-command,应用工具
crash-ptdump-command,应用工具
crash-trace-command,应用工具
crda,应用服务
createrepo_c,应用工具
cri-tools,应用工具
cronie,系统服务
crontabs,系统工具
crypto-policies,系统工具
cryptsetup,核心工具
cscope,应用工具
ctags,应用工具
culmus-fonts,桌面
CUnit,应用库
cups,应用服务
cups-filters,应用库
cups-pk-helper,应用库
curl,系统工具
cyrus-imapd,系统库
cyrus-sasl,系统库
Cython,应用库
dav1d,应用库
dblatex,应用工具
dbus,核心服务
dbus-c++,系统库
dbus-glib,系统库
dbusmenu-qt,桌面
dbus-python,系统库
dbxtool,系统工具
dconf,系统工具
dconf-editor,应用工具
dcraw,应用工具
dde,桌面
dde-account-faces,桌面
dde-api,桌面
dde-calendar,桌面
dde-clipboard,桌面
dde-control-center,桌面
dde-daemon,桌面
dde-device-formatter,桌面
dde-dock,桌面
dde-file-manager,桌面
dde-kwin,桌面
dde-launcher,桌面
dde-network-utils,桌面
dde-polkit-agent,桌面
dde-printer,桌面
dde-qt5integration,桌面
dde-qt5platform-plugins,桌面
dde-qt-dbus-factory,桌面
dde-server-industry-config,桌面
dde-session-shell,桌面
dde-session-ui,桌面
deepin-anything,桌面
deepin-authenticate,桌面
deepin-boot-maker,桌面
deepin-calculator,桌面
deepin-compressor,桌面
deepin-default-settings,桌面
deepin-desktop-base,桌面
deepin-desktop-schemas,桌面
deepin-devicemanager,桌面
deepin-diskmanager,桌面
deepin-fcitxconfigtool-plugin,桌面
deepin-font-manager,桌面
deepin-gettext-tools,桌面
deepin-gtk-theme,桌面
deepin-icon-theme,桌面
deepin-image-viewer,桌面
deepin-log-viewer,桌面
deepin-manual,桌面
deepin-menu,桌面
deepin-network-proxy,桌面
deepin-picker,桌面
deepin-pw-check,桌面
deepin-reader,桌面
deepin-screen-recorder,桌面
deepin-shortcut-viewer,桌面
deepin-sound-theme,桌面
deepin-system-monitor,桌面
deepin-terminal,桌面
deepin-turbo,桌面
deepin-wallpapers,桌面
dejagnu,应用工具
dejavu-fonts,桌面
desktop-file-utils,桌面
devhelp,应用工具
device-mapper-multipath,应用工具
device-mapper-persistent-data,应用库
dhcp,系统服务
dialog,应用库
diffstat,应用工具
diffutils,系统工具
ding-libs,系统库
disomaster,应用工具
djvulibre,应用工具
dleyna-connector-dbus,应用服务
dleyna-core,应用库
dleyna-renderer,应用服务
dleyna-server,应用服务
dlm,应用库
dmidecode,系统工具
dnf,系统工具
dnf-plugin-releasever-adapter,系统工具
dnf-plugins-core,系统工具
dnsmasq,应用工具
dnssec-trigger,应用工具
docbook2X,应用工具
docbook5-schemas,应用工具
docbook-dtds,应用库
docbook-style-dsssl,应用库
docbook-style-xsl,应用库
docbook-utils,应用工具
docker,云原生
dos2unix,系统服务
dosfstools,系统服务
dotconf,系统服务
dotnet,应用服务
dotnet3.0,应用服务
dotnet3.1,应用服务
dotnet5.0,应用服务
dotnet5.0-build-reference-packages,应用工具
dotnet6.0,应用服务
dotnet-build-reference-packages,应用工具
dovecot,应用服务
doxygen,应用工具
dpa-ext-gnomekeyring,应用工具
dpdk,系统库
dracut,系统工具
Dragonfly,应用工具
driverctl,系统工具
dropwatch,应用工具
drpm,应用库
dtc,应用库
dtkcommon,应用工具
dtkcore,应用工具
dtkgui,应用工具
dtkwidget,应用工具
dump,应用工具
dvd+rw-tools,应用工具
dwarves,应用工具
dwz,应用工具
dyninst,应用工具
e2fsprogs,系统工具
ed,应用工具
edk2,应用库
efibootmgr,核心工具
efi-rpm-macros,系统库
efivar,核心服务
egl-wayland,应用库
elfutils,核心工具
elinks,应用工具
emacs,应用工具
enca,系统服务
enchant,应用库
enchant2,应用库
enscript,应用工具
environment-modules,应用库
eog,桌面
epel-aliyuncs-release,基础环境
epel-release,基础环境
epel-rpm-macros,系统库
erofs-utils,应用工具
esc,应用工具
espeak-ng,应用工具
ethtool,应用工具
eth-tools,应用工具
evemu,系统工具
evince,应用工具
evolution,桌面
evolution-data-server,桌面
evolution-ews,桌面
evolution-mapi,桌面
execstack,应用工具
exempi,应用库
exfat-utils,应用工具
exiv2,应用工具
expat,系统工具
expect,应用工具
extra-cmake-modules,应用库
f32-backgrounds,桌面
faad2,应用库
fabtests,应用库
fapolicyd,应用服务
farstream02,应用库
fcitx,桌面
fcitx-configtool,桌面
fcitx-qt5,桌面
fcoe-utils,应用工具
fence-agents,应用工具
fence-virt,虚拟化
fetchmail,虚拟化
ffmpeg,虚拟化
ffmpegthumbnailer,虚拟化
fftw,虚拟化
fido-device-onboard,虚拟化
file,虚拟化
file-roller,虚拟化
filesystem,虚拟化
findutils,虚拟化
fio,虚拟化
fipscheck,虚拟化
firefox,虚拟化
firewalld,虚拟化
flac,虚拟化
flatpak,虚拟化
flatpak-builder,虚拟化
flatpak-xdg-utils,虚拟化
flex,虚拟化
flite,虚拟化
fltk,虚拟化
flute,虚拟化
fontawesome-fonts,桌面
fontconfig,桌面
fontforge,应用工具
fontpackages,应用工具
fonts-tweak-tool,应用工具
foomatic,应用服务
foomatic-db,应用库
fpc-srpm-macros,系统库
fprintd,应用服务
freeglut,应用库
freeimage,应用库
freeipmi,应用库
freerdp,应用库
freetype,桌面
frei0r-plugins,应用库
fribidi,系统服务
frr,应用服务
fstrm,系统服务
ftp,系统工具
fuse,系统工具
fuse-exfat,系统工具
fuse-overlayfs,系统工具
fuse-sshfs,系统工具
fwupd,系统服务
fwupdate,系统工具
fxload,应用工具
gamin,应用库
gavl,应用库
gawk,核心工具
gc,应用库
gcab,应用库
gcc,系统工具
gcc-python-plugin,系统工具
gcc-toolset-10,系统工具
gcc-toolset-10-annobin,系统工具
gcc-toolset-10-binutils,系统工具
gcc-toolset-10-dwz,系统工具
gcc-toolset-10-dyninst,系统工具
gcc-toolset-10-elfutils,系统工具
gcc-toolset-10-gcc,系统工具
gcc-toolset-10-gdb,系统工具
gcc-toolset-10-ltrace,系统工具
gcc-toolset-10-make,系统工具
gcc-toolset-10-strace,系统工具
gcc-toolset-10-systemtap,系统工具
gcc-toolset-10-valgrind,系统工具
gcc-toolset-11,系统工具
gcc-toolset-11-annobin,系统工具
gcc-toolset-11-binutils,系统工具
gcc-toolset-11-dwz,系统工具
gcc-toolset-11-dyninst,系统工具
gcc-toolset-11-elfutils,系统工具
gcc-toolset-11-gcc,系统工具
gcc-toolset-11-gdb,系统工具
gcc-toolset-11-ltrace,系统工具
gcc-toolset-11-make,系统工具
gcc-toolset-11-strace,系统工具
gcc-toolset-11-systemtap,系统工具
gcc-toolset-11-valgrind,系统工具
gcc-toolset-9,系统工具
gcc-toolset-9-annobin,系统工具
gcc-toolset-9-binutils,系统工具
gcc-toolset-9-dwz,系统工具
gcc-toolset-9-dyninst,系统工具
gcc-toolset-9-elfutils,系统工具
gcc-toolset-9-gcc,系统工具
gcc-toolset-9-gdb,系统工具
gcc-toolset-9-ltrace,系统工具
gcc-toolset-9-make,系统工具
gcc-toolset-9-strace,系统工具
gcc-toolset-9-systemtap,系统工具
gcc-toolset-9-valgrind,系统工具
GConf2,系统库
gcr,应用库
gd,应用库
gdb,系统工具
gdbm,系统库
gdisk,桌面
gdk-pixbuf2,应用库
gdm,桌面
gedit,桌面
gedit-plugins,桌面
gegl,应用库
gegl04,应用库
genwqe-tools,应用工具
geoclue2,应用库
geocode-glib,应用库
GeoIP,应用库
GeoIP-GeoLite-data,应用库
geoipupdate,应用工具
geolite2,应用工具
gettext,系统工具
gfbgraph,应用库
gflags,应用库
gfs2-utils,应用工具
ghc-srpm-macros,系统库
ghostscript,应用工具
giflib,系统服务
gio-qt,应用库
git,应用工具
git-lfs,应用库
gjs,应用库
glade,应用工具
glew,应用库
glib2,系统库
glibc,核心库
glibmm24,应用库
glib-networking,应用库
gl-manpages,应用库
glog,应用库
glusterfs,大数据
gmp,核心库
gnome-abrt,桌面
gnome-autoar,桌面
gnome-backgrounds,桌面
gnome-bluetooth,桌面
gnome-boxes,虚拟化
gnome-calculator,桌面
gnome-characters,桌面
gnome-color-manager,桌面
gnome-common,桌面
gnome-control-center,桌面
gnome-desktop3,桌面
gnome-disk-utility,桌面
gnome-font-viewer,桌面
gnome-getting-started-docs,桌面
gnome-initial-setup,桌面
gnome-keyring,桌面
gnome-logs,桌面
gnome-menus,桌面
gnome-online-accounts,桌面
gnome-online-miners,桌面
gnome-photos,桌面
gnome-remote-desktop,桌面
gnome-screenshot,桌面
gnome-session,桌面
gnome-settings-daemon,桌面
gnome-shell,桌面
gnome-shell-extensions,桌面
gnome-software,桌面
gnome-system-monitor,桌面
gnome-terminal,桌面
gnome-themes-standard,桌面
gnome-tweaks,桌面
gnome-user-docs,桌面
gnome-video-effects,桌面
gnu-efi,系统库
gnu-free-fonts,桌面
gnupg2,应用工具
gnuplot,应用工具
gnutls,核心库
gobject-introspection,系统库
go-compilers,应用工具
go-gir-generator,应用工具
golang-dbus,应用库
golang-github-alecthomas-template,应用库
golang-github-alecthomas-units,应用库
golang-github-axgle-mahonia,应用库
golang-github-cryptix-wav,应用库
golang-github-davecgh-go-spew,应用库
golang-github-disintegration-imaging,应用库
golang-github-fogleman-gg,应用库
golang-github-freetype,应用库
golang-github-fsnotify-fsnotify,应用库
golang-github-gosexy-gettext,应用库
golang-github-kelvins-sunrisesunset,应用库
golang-github-linuxdeepin-go-dbus-factory,应用库
golang-github-linuxdeepin-go-x11-client,应用库
golang-github-lofanmi-pinyin,应用库
golang-github-mattn-go-sqlite3,应用库
golang-github-mozillazg-pinyin,应用库
golang-github-msteinert-pam,应用库
golang-github-nfnt-resize,应用库
golang-github-pmezard-go-difflib,应用库
golang-github-rickb777-date,应用库
golang-github-rickb777-plural,应用库
golang-github-stretchr-objx,应用库
golang-github-stretchr-testify,应用库
golang-gopkg-alecthomas-kingpin,应用库
golang-x-image,应用库
golang-x-sys,应用库
golang-x-text,应用库
golang-x-xerrors,应用库
go-lib,应用库
gom,应用库
google-api-python-client,应用库
google-crosextra-caladea-fonts,桌面
google-crosextra-carlito-fonts,桌面
google-droid-fonts,桌面
google-noto-cjk-fonts,桌面
google-noto-emoji-fonts,桌面
google-noto-fonts,桌面
google-roboto-slab-fonts,桌面
go-srpm-macros,系统库
gpac,应用库
gperf,系统工具
gpgme,系统库
gpm,应用库
grafana,应用工具
grafana-pcp,应用库
graphite2,应用服务
graphviz,应用工具
greenboot,应用工具
grep,核心工具
grilo,应用库
grilo-plugins,应用库
groff,应用工具
grub2,核心服务
grubby,系统工具
gsettings-desktop-schemas,桌面
gsettings-qt,系统库
gsl,系统服务
gsm,系统服务
gsound,应用库
gspell,应用库
gssdp,应用服务
gssntlmssp,应用库
gssproxy,应用库
gstreamer,应用库
gstreamer1,应用库
gstreamer1-plugins-bad-free,应用库
gstreamer1-plugins-base,应用库
gstreamer1-plugins-good,应用库
gstreamer1-plugins-ugly-free,应用库
gtest,应用工具
gtk2,应用库
gtk3,应用库
gtkmm24,应用库
gtkmm30,应用库
gtksourceview3,应用工具
gtkspell,应用工具
gtkspell3,应用工具
gtk-vnc,应用工具
gubbi-fonts,桌面
guile,应用库
gupnp,系统库
gupnp-av,系统库
gupnp-dlna,系统库
gupnp-igd,系统库
gutenprint,应用库
gvfs,系统工具
gzip,系统工具
haproxy,系统工具
hardlink,系统工具
harfbuzz,应用库
hdparm,系统服务
HdrHistogram_c,应用工具
helm,应用工具
help2man,应用工具
hesiod,应用库
hexchat,应用工具
hexedit,应用工具
hicolor-icon-theme,桌面
highlight,应用工具
hostapd,应用服务
hostname,应用工具
hplip,应用工具
hspell,应用工具
htmlcxx,应用库
http-parser,系统服务
hunspell,应用库
hunspell-af,应用库
hunspell-ak,应用库
hunspell-am,应用库
hunspell-ar,应用库
hunspell-as,应用库
hunspell-ast,应用库
hunspell-az,应用库
hunspell-be,应用库
hunspell-ber,应用库
hunspell-bg,应用库
hunspell-bn,应用库
hunspell-br,应用库
hunspell-ca,应用库
hunspell-cop,应用库
hunspell-csb,应用库
hunspell-cv,应用库
hunspell-cy,应用库
hunspell-da,应用库
hunspell-de,应用库
hunspell-dsb,应用库
hunspell-el,应用库
hunspell-en,应用库
hunspell-eo,应用库
hunspell-es,应用库
hunspell-et,应用库
hunspell-eu,应用库
hunspell-fa,应用库
hunspell-fj,应用库
hunspell-fo,应用库
hunspell-fr,应用库
hunspell-fur,应用库
hunspell-fy,应用库
hunspell-ga,应用库
hunspell-gd,应用库
hunspell-gl,应用库
hunspell-grc,应用库
hunspell-gu,应用库
hunspell-gv,应用库
hunspell-haw,应用库
hunspell-hi,应用库
hunspell-hil,应用库
hunspell-hr,应用库
hunspell-hsb,应用库
hunspell-ht,应用库
hunspell-hu,应用库
hunspell-hy,应用库
hunspell-ia,应用库
hunspell-id,应用库
hunspell-is,应用库
hunspell-it,应用库
hunspell-kk,应用库
hunspell-km,应用库
hunspell-kn,应用库
hunspell-ko,应用库
hunspell-ku,应用库
hunspell-ky,应用库
hunspell-la,应用库
hunspell-lb,应用库
hunspell-ln,应用库
hunspell-lt,应用库
hunspell-mai,应用库
hunspell-mg,应用库
hunspell-mi,应用库
hunspell-mk,应用库
hunspell-ml,应用库
hunspell-mn,应用库
hunspell-mos,应用库
hunspell-mr,应用库
hunspell-ms,应用库
hunspell-mt,应用库
hunspell-nds,应用库
hunspell-ne,应用库
hunspell-nl,应用库
hunspell-no,应用库
hunspell-nr,应用库
hunspell-nso,应用库
hunspell-ny,应用库
hunspell-oc,应用库
hunspell-om,应用库
hunspell-or,应用库
hunspell-pa,应用库
hunspell-pl,应用库
hunspell-pt,应用库
hunspell-qu,应用库
hunspell-quh,应用库
hunspell-ro,应用库
hunspell-ru,应用库
hunspell-rw,应用库
hunspell-sc,应用库
hunspell-se,应用库
hunspell-shs,应用库
hunspell-si,应用库
hunspell-sk,应用库
hunspell-sl,应用库
hunspell-smj,应用库
hunspell-so,应用库
hunspell-sq,应用库
hunspell-sr,应用库
hunspell-ss,应用库
hunspell-st,应用库
hunspell-sv,应用库
hunspell-sw,应用库
hunspell-ta,应用库
hunspell-te,应用库
hunspell-tet,应用库
hunspell-th,应用库
hunspell-ti,应用库
hunspell-tk,应用库
hunspell-tl,应用库
hunspell-tn,应用库
hunspell-tpi,应用库
hunspell-ts,应用库
hunspell-uk,应用库
hunspell-ur,应用库
hunspell-uz,应用库
hunspell-ve,应用库
hunspell-vi,应用库
hunspell-wa,应用库
hunspell-xh,应用库
hunspell-yi,应用库
hunspell-zu,应用库
hwdata,基础环境
hwinfo,应用工具
hwloc,应用库
hyperv-daemons,应用服务
hyphen,应用库
hyphen-as,应用库
hyphen-bg,应用库
hyphen-bn,应用库
hyphen-ca,应用库
hyphen-cy,应用库
hyphen-da,应用库
hyphen-de,应用库
hyphen-el,应用库
hyphen-es,应用库
hyphen-eu,应用库
hyphen-fa,应用库
hyphen-fo,应用库
hyphen-fr,应用库
hyphen-ga,应用库
hyphen-gl,应用库
hyphen-grc,应用库
hyphen-gu,应用库
hyphen-hi,应用库
hyphen-hsb,应用库
hyphen-hu,应用库
hyphen-ia,应用库
hyphen-id,应用库
hyphen-is,应用库
hyphen-it,应用库
hyphen-kn,应用库
hyphen-ku,应用库
hyphen-lt,应用库
hyphen-mi,应用库
hyphen-ml,应用库
hyphen-mn,应用库
hyphen-mr,应用库
hyphen-nl,应用库
hyphen-or,应用库
hyphen-pa,应用库
hyphen-pl,应用库
hyphen-pt,应用库
hyphen-ro,应用库
hyphen-ru,应用库
hyphen-sa,应用库
hyphen-sk,应用库
hyphen-sl,应用库
hyphen-sv,应用库
hyphen-ta,应用库
hyphen-te,应用库
hyphen-tk,应用库
hyphen-uk,应用库
i2c-tools,应用工具
ibus,桌面
ibus-hangul,桌面
ibus-kkc,桌面
ibus-libpinyin,桌面
ibus-libzhuyin,桌面
ibus-m17n,桌面
ibus-sayura,桌面
ibus-table,桌面
ibus-table-chinese,桌面
ibus-typing-booster,桌面
icedtea-web,应用库
icoutils,应用工具
icu,系统库
iio-sensor-proxy,应用工具
ilmbase,应用库
ima-evm-utils,系统库
imake,应用工具
imlib2,应用工具
imsettings,应用工具
iniparser,系统服务
initial-setup,应用工具
initscripts,系统服务
intel-cmt-cat,应用工具
intltool,系统工具
iotop,应用工具
ipcalc,系统服务
iperf3,应用工具
ipmitool,应用工具
iproute,应用库
iprutils,应用工具
ipset,应用工具
iptables,系统工具
iptraf-ng,应用工具
iptstate,应用工具
iputils,系统工具
ipvsadm,应用工具
ipxe,系统工具
irqbalance,系统服务
irssi,应用工具
iscsi-initiator-utils,应用工具
isl,应用库
isns-utils,应用工具
iso-codes,应用工具
isomd5sum,应用工具
istack-commons,应用库
itstool,应用工具
iw,应用工具
jabberpy,应用库
jack-audio-connection-kit,应用库
jansson,系统服务
jasper,应用库
java-1.8.0-alibaba-dragonwell,应用库
java-1.8.0-openjdk,应用库
java-11-alibaba-dragonwell,应用库
java-11-openjdk,应用库
java-17-openjdk,应用库
java-atk-wrapper,应用库
jbig2dec,应用工具
jbigkit,应用库
jboss-annotations-1.2-api,应用库
jboss-jaxrs-2.0-api,应用库
jboss-logging,应用库
jboss-logging-tools,应用库
jdeparser,应用库
jemalloc,应用库
jigawatts,应用库
jimtcl,应用工具
jna,应用库
jolokia-jvm-agent,应用服务
jomolhari-fonts,桌面
jose,系统库
jq,系统工具
js-d3-flame-graph,应用工具
json-c,系统服务
jsoncpp,应用库
json-glib,应用库
julietaula-montserrat-fonts,桌面
jxrlib,系统服务
kabi-dw,应用工具
kacst-fonts,桌面
kata-containers,虚拟化
kbd,系统工具
kdecoration,桌面
kde-filesystem,桌面
kde-settings,桌面
kdump-anaconda-addon,应用工具
keentune-bench,应用工具
keentune-brain,应用工具
keentuned,应用工具
keentune-target,应用工具
keentune-ui,应用工具
keepalived,应用工具
kernel,内核
kexec-tools,核心工具
keybinder3,应用工具
keycloak-httpd-client-install,应用工具
keyutils,系统工具
kf5,桌面
kf5-attica,桌面
kf5-frameworkintegration,桌面
kf5-kactivities,桌面
kf5-karchive,桌面
kf5-kauth,桌面
kf5-kbookmarks,桌面
kf5-kcmutils,桌面
kf5-kcodecs,桌面
kf5-kcompletion,桌面
kf5-kconfig,桌面
kf5-kconfigwidgets,桌面
kf5-kcoreaddons,桌面
kf5-kcrash,桌面
kf5-kdbusaddons,桌面
kf5-kdeclarative,桌面
kf5-kded,桌面
kf5-kdelibs4support,桌面
kf5-kdesignerplugin,桌面
kf5-kdesu,桌面
kf5-kdoctools,桌面
kf5-kemoticons,桌面
kf5-kglobalaccel,桌面
kf5-kguiaddons,桌面
kf5-ki18n,桌面
kf5-kiconthemes,桌面
kf5-kidletime,桌面
kf5-kinit,桌面
kf5-kio,桌面
kf5-kirigami2,桌面
kf5-kitemmodels,桌面
kf5-kitemviews,桌面
kf5-kjobwidgets,桌面
kf5-knewstuff,桌面
kf5-knotifications,桌面
kf5-kpackage,桌面
kf5-kparts,桌面
kf5-kplotting,桌面
kf5-kpty,桌面
kf5-kservice,桌面
kf5-ktextwidgets,桌面
kf5-kunitconversion,桌面
kf5-kwallet,桌面
kf5-kwayland,桌面
kf5-kwidgetsaddons,桌面
kf5-kwindowsystem,桌面
kf5-kxmlgui,桌面
kf5-networkmanager-qt,桌面
kf5-plasma,桌面
kf5-solid,桌面
kf5-sonnet,桌面
kf5-syntax-highlighting,桌面
khmeros-fonts,桌面
kmod,核心工具
kmod-kvdo,系统库
kpatch,系统工具
krb5,系统服务
kronosnet,系统库
ksc,应用工具
kscreenlocker,应用库
ksh,应用工具
kubernetes,应用工具
kurdit-unikurd-web-fonts,桌面
kwin,桌面
kyotocabinet,应用库
ladspa,应用工具
lame,应用库
langpacks,基础环境
langtable,系统工具
lapack,应用库
lasso,应用库
latex2html,应用工具
lato-fonts,桌面
lcms2,系统服务
ldns,应用库
ledmon,应用库
lensfun,应用库
leptonica,应用库
less,系统工具
lftp,应用工具
libabw,应用库
libaec,系统服务
libaio,系统库
libao,应用库
libappindicator,应用库
libappstream-glib,系统库
libarchive,系统库
libass,应用库
libassuan,系统库
libasyncns,系统服务
libatasmart,应用库
libatomic_ops,系统服务
libavc1394,系统库
libbase,应用库
libblockdev,系统库
libbluray,系统库
libbpf,系统库
libburn,系统库
libbytesize,系统库
libcacard,系统库
libcanberra,应用库
libcap,核心库
libcap-ng,核心库
libcdio,系统库
libcdio-paranoia,系统库
libcdr,应用库
libcgroup,系统库
libchamplain,应用库
libchardet,应用库
libcmis,应用库
libcomps,应用库
libconfig,应用库
libcroco,应用库
libdaemon,系统库
libdap,应用库
libdatrie,系统服务
libdazzle,应用库
libdb,系统库
libdbusmenu,应用库
libdc1394,系统库
libdmapsharing,应用库
libdmx,系统库
libdnet,系统库
libdnf,系统库
libdrm,应用库
libdv,系统服务
libdvdnav,应用库
libdvdread,系统服务
libdwarf,系统库
libeasyfc,应用库
libecpg,应用库
libedit,应用库
libEMF,应用库
libeot,系统服务
libepoxy,系统服务
libepubgen,应用库
liberation-fonts,桌面
liberation-narrow-fonts,桌面
libestr,系统服务
libetonyek,应用库
libev,系统服务
libevdev,系统服务
libevent,应用库
libexif,系统服务
libexttextcat,系统服务
libfabric,应用库
libfastjson,系统服务
libffado,应用库
libffi,系统库
libfontenc,系统库
libfonts,系统库
libformula,应用库
libfprint,应用库
libfreehand,应用库
libgcrypt,核心库
libgdata,应用库
libgdither,系统服务
libgee,应用库
libgexiv2,应用库
libgit2,应用库
libgit2-glib,应用库
libglvnd,系统服务
libgnomekbd,应用库
libgovirt,虚拟化
libgpg-error,核心库
libgphoto2,应用库
libgpod,应用库
libgsf,应用库
libgtop2,应用库
libgudev,系统库
libgusb,系统库
libgweather,应用库
libgxim,应用库
libgxps,应用库
libhangul,系统服务
libhbaapi,系统服务
libhbalinux,应用库
libhugetlbfs,应用库
libical,应用库
libICE,系统服务
libid3tag,应用库
libIDL,应用库
libidn,系统库
libidn2,核心库
libiec61883,系统库
libieee1284,系统库
libijs,系统服务
libimobiledevice,应用库
libindicator,应用库
libinput,系统库
libipt,系统库
libiptcdata,系统服务
libisoburn,系统库
libisofs,应用库
libjpeg-turbo,系统库
libkcapi,系统库
libkeepalive,系统服务
libkkc,应用库
libkkc-data,应用库
libksba,系统库
liblangtag,应用库
liblayout,应用库
libldb,应用库
libloader,应用库
liblockfile,系统服务
liblognorm,应用库
liblouis,应用库
libmad,系统服务
libmatchbox,应用库
libmaxminddb,系统服务
libmbim,应用库
libmediaart,应用库
libmediainfo,应用库
libmemcached,应用库
libmetalink,应用库
libmfx,应用库
libmicrohttpd,应用库
libmng,应用库
libmnl,系统服务
libmodman,应用库
libmodplug,应用库
libmodulemd,应用库
libmpc,应用库
libmpcdec,系统服务
libmspack,系统服务
libmspub,应用库
libmtp,应用库
libmusicbrainz5,应用库
libmwaw,应用库
libndp,系统服务
libnet,系统库
libnetfilter_conntrack,系统库
libnetfilter_cthelper,系统库
libnetfilter_cttimeout,系统库
libnetfilter_queue,系统库
libnfnetlink,系统服务
libnftnl,系统库
libnice,系统库
libnl3,系统库
libnma,应用库
libnotify,应用库
libnsl2,系统库
libnumbertext,应用库
liboauth,系统库
libodfgen,应用库
libogg,系统服务
liboggz,应用库
libopenraw,应用库
liborcus,应用库
libosinfo,应用库
libotf,应用库
libpagemaker,应用库
libpaper,应用库
libpcap,系统库
libpciaccess,应用库
libpeas,应用库
libpfm,应用库
libpinyin,应用库
libpipeline,系统服务
libplist,应用库
libpng,系统库
libpng12,系统库
libpng15,系统库
libpq,数据库
libproxy,应用库
libpsl,系统库
libpsm2,应用库
libpst,应用库
libpwquality,系统库
libqb,系统服务
libqmi,应用库
libqrtr-glib,系统库
libqtxdg,系统库
libquvi,应用库
libquvi-scripts,应用库
libqxp,应用库
librabbitmq,应用库
LibRaw,应用库
libraw1394,系统库
librdkafka,应用库
librelp,应用库
libreoffice,应用库
libreoffice-voikko,应用库
librepo,系统库
libreport,应用库
librepository,系统库
libreswan,应用库
librevenge,应用库
librhsm,应用库
librsvg2,应用库
librx,系统服务
libsamplerate,应用库
libsass,应用库
libseccomp,核心库
libsecret,应用库
libselinux,核心库
libsemanage,系统库
libsepol,系统库
libserializer,应用库
libshout,应用库
libsigc++20,应用库
libsigsegv,系统库
libSM,应用库
libsmbios,系统库
libsmi,应用库
libsndfile,应用库
libsolv,系统库
libsoup,应用库
libspectre,应用库
libspiro,系统服务
libsrtp,应用库
libssh,系统库
libstaroffice,应用库
libstemmer,系统服务
libstoragemgmt,应用库
libsvm,应用库
libtalloc,系统服务
libtar,应用库
libtasn1,系统服务
libtdb,系统服务
libteam,应用库
libtevent,应用库
libthai,应用库
libtheora,应用库
libtiff,应用库
libtimezonemap,应用库
libtirpc,系统库
libtool,系统工具
libucil,应用库
libunicap,应用库
libuninameslist,系统服务
libunistring,系统服务
libupnp,系统库
liburing,系统库
libusb,系统库
libusbmuxd,应用库
libusbx,系统库
libuser,应用库
libutempter,系统库
libuv,系统服务
libva,应用库
libvarlink,应用库
libvdpau,应用库
libverto,系统库
libvirt-glib,虚拟化
libvisio,应用库
libvisual,系统服务
libvma,应用库
libvncserver,应用库
libvoikko,应用库
libvorbis,应用库
libvpx,应用库
libwacom,应用库
libwebp,系统服务
libwmf,应用库
libwnck3,应用库
libwpd,应用库
libwpg,应用库
libwps,应用库
libX11,应用库
libx86emu,系统服务
libXau,应用库
libXaw,应用库
libxcb,系统库
libXcomposite,应用库
libxcrypt,核心库
libXcursor,应用库
libXdamage,应用库
libXdmcp,应用库
libXext,应用库
libXfixes,应用库
libXfont2,应用库
libXft,应用库
libXi,应用库
libXinerama,应用库
libxkbcommon,应用库
libxkbfile,应用库
libxklavier,应用库
libxml++,应用库
libxml2,应用库
libxmlb,应用库
libXmu,应用库
libXNVCtrl,应用库
libXp,应用库
libXpm,应用库
libXrandr,应用库
libXrender,应用库
libXres,应用库
libXScrnSaver,应用库
libxshmfence,系统服务
libxslt,应用库
libXt,应用库
libXtst,应用库
libxudp,应用库
libXv,应用库
libXvMC,应用库
libXxf86dga,应用库
libXxf86misc,应用库
libXxf86vm,应用库
libyami,应用库
libyaml,系统服务
libyang,应用库
libzen,应用库
libzmf,应用库
lightdm,桌面
lightdm-gtk,系统库
lightdm-gtk-greeter-settings,系统库
linuxconsoletools,应用工具
linuxdoc-tools,应用工具
linux-firmware,核心工具
linuxptp,应用库
lklug-fonts,桌面
lksctp-tools,应用工具
lldpad,应用服务
lldpd,应用服务
lm_sensors,应用库
lmdb,应用工具
lockdev,系统库
log4j,应用库
logrotate,系统服务
logwatch,应用工具
lohit-assamese-fonts,桌面
lohit-bengali-fonts,桌面
lohit-devanagari-fonts,桌面
lohit-gujarati-fonts,桌面
lohit-gurmukhi-fonts,桌面
lohit-kannada-fonts,桌面
lohit-malayalam-fonts,桌面
lohit-marathi-fonts,桌面
lohit-nepali-fonts,桌面
lohit-odia-fonts,桌面
lohit-tamil-fonts,桌面
lohit-telugu-fonts,桌面
lorax,应用工具
lorax-templates-anolis,基础环境
lorax-templates-rhel,基础环境
lpsolve,系统服务
lrzsz,系统服务
lshw,应用工具
lsof,系统工具
lsscsi,系统服务
ltrace,应用工具
lttng-ust,应用库
lua,应用库
lua-expat,应用库
lua-filesystem,应用库
luajit,应用库
lua-json,应用库
lua-lpeg,应用库
lua-lunit,应用库
lua-posix,应用库
lua-rpm-macros,系统库
lua-socket,应用库
lucene++,应用库
luksmeta,应用工具
lvm2,系统工具
lynx,应用工具
lz4,核心工具
lzo,系统服务
lzop,应用工具
m17n-db,应用库
m17n-lib,应用库
m4,系统工具
madan-fonts,桌面
mailcap,应用工具
mailx,应用工具
make,应用工具
malaga,应用工具
malaga-suomi-voikko,应用工具
mallard-rng,应用工具
man-db,应用工具
man-pages,应用工具
man-pages-overrides,应用工具
mariadb,数据库
mariadb-connector-c,数据库
mariadb-connector-odbc,数据库
mariadb-java-client,数据库
marisa,应用库
matchbox-window-manager,应用工具
mc,应用工具
mcelog,应用工具
mcpp,应用库
mcstrans,应用服务
mdadm,系统工具
mdevctl,应用工具
meanwhile,应用库
media-player-info,应用库
memcached,应用工具
memkind,应用库
memstrack,应用工具
memtest86+,应用工具
mesa,应用库
mesa-demos,应用工具
mesa-libGLU,应用库
mesa-libGLw,应用库
meson,应用工具
metacity,应用服务
metis,应用工具
microcode_ctl,核心工具
microdnf,系统库
micropipenv,应用工具
mimetic,应用库
mingw-binutils,系统工具
mingw-bzip2,应用工具
mingw-cairo,应用工具
mingw-crt,应用工具
mingw-expat,应用工具
mingw-filesystem,应用工具
mingw-fontconfig,应用工具
mingw-freetype,应用工具
mingw-gcc,系统工具
mingw-gettext,系统工具
mingw-glib2,应用库
mingw-gstreamer1,应用工具
mingw-harfbuzz,应用工具
mingw-headers,应用库
mingw-icu,应用库
mingw-libffi,应用库
mingw-libjpeg-turbo,应用库
mingw-libpng,系统库
mingw-libtiff,应用库
mingw-openssl,应用库
mingw-pcre,应用库
mingw-pixman,应用库
mingw-pkg-config,应用工具
mingw-readline,系统工具
mingw-sqlite,数据库
mingw-termcap,应用工具
mingw-win-iconv,应用库
mingw-winpthreads,应用库
mingw-zlib,应用库
minicom,应用工具
minizip,应用库
minizip1.2,应用库
mksh,应用工具
mlocate,应用工具
mobile-broadband-provider-info,应用库
mod_auth_gssapi,应用库
mod_auth_mellon,应用库
mod_authnz_pam,应用库
mod_fcgid,应用服务
mod_intercept_form_submit,应用服务
mod_lookup_identity,应用服务
mod_security,应用服务
mod_security_crs,应用服务
mod_wsgi,应用服务
ModemManager,应用工具
modulemd-tools,应用工具
mokutil,应用工具
motif,应用库
mousetweaks,桌面
mozilla-filesystem,应用库
mozjs52,系统库
mozjs60,系统库
mozvoikko,应用工具
mpfr,系统库
mpg123,应用库
mpich,应用库
mpitests,应用工具
mpv,应用库
mrtg,应用工具
mstflint,应用工具
mtdev,系统服务
mtools,应用工具
mtr,应用工具
mt-st,应用工具
mtx,系统服务
multilib-rpm-config,应用工具
munge,应用库
mutt,应用工具
mutter,桌面
mvapich2,应用库
mysql-selinux,数据库
mythes,应用库
mythes-bg,应用库
mythes-ca,应用库
mythes-cs,应用库
mythes-da,应用库
mythes-de,应用库
mythes-el,应用库
mythes-en,应用库
mythes-es,应用库
mythes-fr,应用库
mythes-ga,应用库
mythes-hu,应用库
mythes-it,应用库
mythes-mi,应用库
mythes-ne,应用库
mythes-nl,应用库
mythes-pl,应用库
mythes-pt,应用库
mythes-ro,应用库
mythes-ru,应用库
mythes-sk,应用库
mythes-sl,应用库
mythes-sv,应用库
mythes-uk,应用库
nafees-web-naskh-fonts,桌面
nano,应用工具
nasm,应用库
nautilus,桌面
nautilus-sendto,应用库
navilu-fonts,桌面
ncompress,系统服务
ncurses,系统库
ndctl,应用工具
neon,应用库
nerdctl,云原生
netlabel_tools,应用工具
netpbm,应用库
net-snmp,应用库
nettle,系统库
net-tools,应用工具
NetworkManager,系统服务
network-manager-applet,系统工具
NetworkManager-libreswan,系统库
newt,应用库
nfs4-acl-tools,系统服务
nfs-utils,应用工具
nftables,系统工具
nghttp2,应用服务
nginx,应用服务
ninja-build,应用工具
nispor,应用库
nkf,应用库
nmap,应用工具
nmstate,应用库
nodejs,应用库
nodejs-nodemon,应用库
nodejs-packaging,应用库
npth,系统库
nspr,系统库
nss,系统库
nss_nis,应用库
nss_wrapper,应用库
nss-altfiles,系统库
nss-pam-ldapd,应用服务
ntfs-3g,应用库
ntpstat,应用工具
numactl,应用库
numad,应用服务
numatop,应用工具
numpy,应用库
nvme-cli,应用工具
nvmetcli,应用工具
nydus-rs,应用服务
nydus-snapshotter,应用库
ocaml,应用库
ocaml-camlp4,应用库
ocaml-cppo,应用库
ocaml-extlib,应用库
ocaml-findlib,应用库
ocaml-labltk,应用库
ocaml-ocamlbuild,应用库
ocaml-srpm-macros,系统库
oceanbase-ce,应用库
ocl-icd,系统服务
oddjob,应用工具
omping,系统服务
onboard,应用工具
ongres-scram,应用库
oniguruma,系统服务
opa-ff,应用库
opa-fm,应用工具
openal-soft,系统服务
openblas,应用库
openblas-srpm-macros,应用库
openbox,应用工具
openchange,应用库
opencl-filesystem,应用库
opencl-headers,应用库
opencore-amr,应用库
opencryptoki,应用库
opencv,应用库
OpenEXR,应用库
openhpi,应用库
OpenIPMI,应用库
openjade,应用库
openjpeg2,系统服务
openldap,系统工具
openmpi,应用库
openoffice.org-dict-cs_CZ,桌面
openoffice-lv,桌面
openpgm,系统服务
open-sans-fonts,桌面
opensc,应用库
openscap,应用库
openslp,系统服务
opensm,应用库
opensp,应用库
openssh,系统工具
openssl,核心工具
openssl-ibmpkcs11,应用库
openssl-pkcs11,系统库
open-vm-tools,虚拟化
openwsman,应用库
opus,系统服务
orc,应用库
orca,应用库
osbuild,应用库
osbuild-composer,系统工具
oscap-anaconda-addon,应用工具
osinfo-db,系统工具
osinfo-db-tools,应用工具
os-prober,应用库
ostree,应用工具
overpass-fonts,桌面
p11-kit,系统工具
p7zip,应用工具
pacemaker,应用工具
PackageKit,应用库
pakchois,系统服务
paktype-naqsh-fonts,桌面
paktype-naskh-basic-fonts,桌面
paktype-tehreer-fonts,桌面
pam,核心工具
pandoc,应用库
pango,应用库
pangomm,应用库
papi,应用库
papirus-icon-theme,桌面
paps,应用库
paratype-pt-sans-fonts,桌面
parted,应用工具
passwd,应用工具
patch,应用工具
patchutils,应用工具
pavucontrol,应用工具
pcaudiolib,应用库
pciutils,系统工具
pcm,应用工具
pcp,应用库
pcre,系统库
pcre2,系统库
pcs,应用服务
pcsc-lite,应用库
pcsc-lite-ccid,应用库
pentaho-libxml,应用库
pentaho-reporting-flow-engine,应用库
perftest,应用工具
peripety,应用服务
perl,系统库
perl-Algorithm-Diff,系统库
perl-AnyEvent,系统库
perl-Any-URI-Escape,系统库
perl-Archive-Tar,系统库
perl-Archive-Zip,系统库
perl-Authen-SASL,系统库
perl-autodie,系统库
perl-B-Debug,系统库
perl-B-Hooks-EndOfScope,系统库
perl-bignum,系统库
perl-Bit-Vector,系统库
perl-B-Lint,系统库
perl-Canary-Stability,系统库
perl-Capture-Tiny,系统库
perl-Carp,系统库
perl-Carp-Clan,系统库
perl-CGI,系统库
perl-Class-Accessor,系统库
perl-Class-Data-Inheritable,系统库
perl-Class-Factory-Util,系统库
perl-Class-Inspector,系统库
perl-Class-ISA,系统库
perl-Class-Method-Modifiers,系统库
perl-Class-Singleton,系统库
perl-Class-Tiny,系统库
perl-Class-XSAccessor,系统库
perl-Clone,系统库
perl-common-sense,系统库
perl-Compress-Bzip2,系统库
perl-Compress-Raw-Bzip2,系统库
perl-Compress-Raw-Zlib,系统库
perl-Config-AutoConf,系统库
perl-Config-Perl-V,系统库
perl-Config-Tiny,系统库
perl-constant,系统库
perl-Convert-ASN1,系统库
perl-CPAN,系统库
perl-CPAN-Meta,系统库
perl-CPAN-Meta-Requirements,系统库
perl-CPAN-Meta-YAML,系统库
perl-Crypt-OpenSSL-Bignum,系统库
perl-Crypt-OpenSSL-Random,系统库
perl-Crypt-OpenSSL-RSA,系统库
perl-Data-Dumper,系统库
perl-Data-OptList,系统库
perl-Data-Section,系统库
perl-Data-UUID,系统库
perl-Date-Calc,系统库
perl-Date-ISO8601,系统库
perl-Date-Manip,系统库
perl-DateTime,系统库
perl-DateTime-Format-Builder,系统库
perl-DateTime-Format-HTTP,系统库
perl-DateTime-Format-ISO8601,系统库
perl-DateTime-Format-Mail,系统库
perl-DateTime-Format-Strptime,系统库
perl-DateTime-Locale,系统库
perl-DateTime-TimeZone,系统库
perl-DateTime-TimeZone-SystemV,系统库
perl-DateTime-TimeZone-Tzfile,系统库
perl-DB_File,系统库
perl-DBD-SQLite,系统库
perl-DBI,系统库
perl-Devel-CallChecker,系统库
perl-Devel-Caller,系统库
perl-Devel-CheckLib,系统库
perl-Devel-GlobalDestruction,系统库
perl-Devel-LexAlias,系统库
perl-Devel-PPPort,系统库
perl-Devel-Size,系统库
perl-Devel-StackTrace,系统库
perl-Devel-Symdump,系统库
perl-Digest,系统库
perl-Digest-CRC,系统库
perl-Digest-MD5,系统库
perl-Digest-SHA,系统库
perl-Digest-SHA1,系统库
perl-Dist-CheckConflicts,系统库
perl-DynaLoader-Functions,系统库
perl-Encode,系统库
perl-Encode-Detect,系统库
perl-Env,系统库
perl-Error,系统库
perl-Eval-Closure,系统库
perl-Exception-Class,系统库
perl-experimental,系统库
perl-Exporter,系统库
perl-Exporter-Tiny,系统库
perl-ExtUtils-CBuilder,系统库
perl-ExtUtils-Install,系统库
perl-ExtUtils-MakeMaker,系统库
perl-ExtUtils-Manifest,系统库
perl-ExtUtils-ParseXS,系统库
perl-Fedora-VSP,系统库
perl-File-BaseDir,系统库
perl-File-chdir,系统库
perl-File-CheckTree,系统库
perl-File-Copy-Recursive,系统库
perl-File-DesktopEntry,系统库
perl-File-Fetch,系统库
perl-File-Find-Object,系统库
perl-File-Find-Rule,系统库
perl-File-HomeDir,系统库
perl-File-MimeInfo,系统库
perl-File-Path,系统库
perl-File-ReadBackwards,系统库
perl-File-Remove,系统库
perl-File-ShareDir,系统库
perl-File-Slurp,系统库
perl-File-Temp,系统库
perl-File-Which,系统库
perl-Filter,系统库
perl-Filter-Simple,系统库
perl-generators,系统库
perl-Getopt-Long,系统库
perl-gettext,系统库
perl-GSSAPI,系统库
perl-HTML-Tree,系统库
perl-HTTP-Daemon,系统库
perl-HTTP-Tiny,系统库
perl-Importer,系统库
perl-Import-Into,系统库
perl-inc-latest,系统库
perl-IO-All,系统库
perl-IO-Compress,系统库
perl-IO-Multiplex,系统库
perl-IO-Socket-INET6,系统库
perl-IO-Socket-IP,系统库
perl-IO-String,系统库
perl-IO-stringy,系统库
perl-IO-Tty,系统库
perl-IPC-Cmd,系统库
perl-IPC-Run,系统库
perl-IPC-Run3,系统库
perl-IPC-System-Simple,系统库
perl-IPC-SysV,系统库
perl-JSON,系统库
perl-JSON-PP,系统库
perl-JSON-XS,系统库
perl-LDAP,系统库
perl-libintl-perl,系统库
perl-libnet,系统库
perl-libxml-perl,系统库
perl-List-MoreUtils,系统库
perl-List-MoreUtils-XS,系统库
perl-Locale-Codes,系统库
perl-Locale-Maketext,系统库
perl-local-lib,系统库
perl-Mail-DKIM,系统库
perl-Mail-Sender,系统库
perl-Mail-SPF,系统库
perl-MailTools,系统库
perl-Math-BigInt,系统库
perl-Math-BigInt-FastCalc,系统库
perl-Math-BigRat,系统库
perl-MIME-Base64,系统库
perl-MIME-Charset,系统库
perl-MIME-Types,系统库
perl-Module-Build,系统库
perl-Module-CoreList,系统库
perl-Module-Implementation,系统库
perl-Module-Install,系统库
perl-Module-Install-AuthorTests,系统库
perl-Module-Install-ReadmeFromPod,系统库
perl-Module-Load,系统库
perl-Module-Load-Conditional,系统库
perl-Module-Metadata,系统库
perl-Module-Pluggable,系统库
perl-Module-Runtime,系统库
perl-Module-ScanDeps,系统库
perl-Mozilla-LDAP,系统库
perl-MRO-Compat,系统库
perl-namespace-autoclean,系统库
perl-namespace-clean,系统库
perl-NetAddr-IP,系统库
perl-Net-DNS,系统库
perl-Net-Server,系统库
perl-Net-SMTP-SSL,系统库
perl-Number-Compare,系统库
perl-Package-DeprecationManager,系统库
perl-Package-Generator,系统库
perl-Package-Stash,系统库
perl-Package-Stash-XS,系统库
perl-PadWalker,系统库
perl-Params-Check,系统库
perl-Params-Classify,系统库
perl-Params-Util,系统库
perl-Params-Validate,系统库
perl-Params-ValidationCompiler,系统库
perl-parent,系统库
perl-Parse-Yapp,系统库
perl-Path-Tiny,系统库
perl-PathTools,系统库
perl-Perl-Destruct-Level,系统库
perl-perlfaq,系统库
perl-PerlIO-utf8_strict,系统库
perl-PerlIO-via-QuotedPrint,系统库
perl-Perl-OSType,系统库
perl-Pod-Checker,系统库
perl-Pod-Coverage,系统库
perl-Pod-Escapes,系统库
perl-Pod-LaTeX,系统库
perl-podlators,系统库
perl-Pod-Markdown,系统库
perl-Pod-Parser,系统库
perl-Pod-Perldoc,系统库
perl-Pod-Plainer,系统库
perl-Pod-Simple,系统库
perl-Pod-Usage,系统库
perl-prefork,系统库
perl-Readonly,系统库
perl-Ref-Util,系统库
perl-Ref-Util-XS,系统库
perl-Role-Tiny,系统库
perl-Scalar-List-Utils,系统库
perl-Scope-Guard,系统库
perl-SGMLSpm,系统库
perl-SNMP_Session,系统库
perl-Socket,系统库
perl-Socket6,系统库
perl-Software-License,系统库
perl-Specio,系统库
perl-srpm-macros,系统库
perl-Storable,系统库
perl-String-CRC32,系统库
perl-Sub-Exporter,系统库
perl-Sub-Exporter-Progressive,系统库
perl-Sub-Identify,系统库
perl-Sub-Info,系统库
perl-Sub-Install,系统库
perl-Sub-Name,系统库
perl-Sub-Uplevel,系统库
perl-SUPER,系统库
perl-Switch,系统库
perl-Sys-CPU,系统库
perl-Sys-MemInfo,系统库
perl-Sys-Syslog,系统库
perl-Taint-Runtime,系统库
perl-Term-ANSIColor,系统库
perl-Term-Cap,系统库
perl-TermReadKey,系统库
perl-Term-Size-Any,系统库
perl-Term-Size-Perl,系统库
perl-Term-Table,系统库
perl-Test2-Suite,系统库
perl-Test-Deep,系统库
perl-Test-Differences,系统库
perl-Test-Exception,系统库
perl-Test-Fatal,系统库
perl-Test-Harness,系统库
perl-Test-LongString,系统库
perl-Test-NoWarnings,系统库
perl-Test-Pod,系统库
perl-Test-Pod-Coverage,系统库
perl-Test-Requires,系统库
perl-Test-Simple,系统库
perl-Test-Taint,系统库
perl-Test-Warn,系统库
perl-Test-Warnings,系统库
perl-Text-Balanced,系统库
perl-Text-CharWidth,系统库
perl-Text-Diff,系统库
perl-Text-Glob,系统库
perl-Text-ParseWords,系统库
perl-Text-Soundex,系统库
perl-Text-Tabs+Wrap,系统库
perl-Text-Template,系统库
perl-Text-Unidecode,系统库
perl-Text-WrapI18N,系统库
perl-Thread-Queue,系统库
perl-threads,系统库
perl-threads-shared,系统库
perltidy,系统库
perl-Tie-IxHash,系统库
perl-Time-HiRes,系统库
perl-Time-Local,系统库
perl-Tk,系统库
perl-Types-Serialiser,系统库
perl-Unicode-Collate,系统库
perl-Unicode-EastAsianWidth,系统库
perl-Unicode-LineBreak,系统库
perl-Unicode-Normalize,系统库
perl-Unicode-UTF8,系统库
perl-Unix-Syslog,系统库
perl-URI,系统库
perl-Variable-Magic,系统库
perl-version,系统库
perl-XML-Catalog,系统库
perl-XML-DOM,系统库
perl-XML-LibXML,系统库
perl-XML-LibXML-PrettyPrint,系统库
perl-XML-NamespaceSupport,系统库
perl-XML-Parser,系统库
perl-XML-RegExp,系统库
perl-XML-SAX,系统库
perl-XML-SAX-Base,系统库
perl-XML-Simple,系统库
perl-XML-TokeParser,系统库
perl-XML-Twig,系统库
perl-XML-Writer,系统库
perl-XML-XPath,系统库
perl-YAML-LibYAML,系统库
perl-YAML-Syck,系统库
perl-YAML-Tiny,系统库
pesign,应用工具
phonon,应用库
pidgin,应用库
pidgin-sipe,应用库
pigz,应用工具
pinentry,应用工具
pinfo,应用工具
pipewire,应用服务
pipewire0.2,应用服务
pixman,系统服务
pkgconf,应用库
plasma-breeze,桌面
plotutils,应用工具
plymouth,系统服务
pmdk,应用库
pmdk-convert,系统服务
pmix,应用库
pnm2ppa,应用工具
po4a,应用工具
polardb,数据库
policycoreutils,应用库
polkit,系统库
polkit-pkla-compat,应用库
polkit-qt-1,应用库
poppler,应用库
poppler-data,应用库
popt,系统库
portreserve,应用工具
postfix,应用工具
postgresql-jdbc,数据库
postgresql-odbc,数据库
potrace,应用工具
powertop,应用工具
ppp,应用服务
pptp,应用工具
prefixdevname,系统工具
procmail,应用工具
procps-ng,系统工具
prometheus-jmx-exporter,应用库
protobuf,应用库
protobuf-c,应用库
ps_mem,应用工具
psacct,应用工具
psmisc,系统工具
pstoedit,应用工具
publicsuffix-list,应用库
pugixml,应用库
pulseaudio,系统服务
pyatspi,系统库
pycairo,系统库
pygobject3,系统库
pykickstart,系统库
pyodbc,系统库
pyOpenSSL,系统库
pyparsing,系统库
pyparted,系统库
pyserial,系统库
pytest,系统库
python3,系统库
python3-azure-sdk,系统库
python-argcomplete,系统库
python-argh,系统库
python-asn1crypto,系统库
python-attrs,系统库
python-augeas,系统库
python-blivet,系统库
python-boto3,系统库
python-botocore,系统库
python-cffi,系统库
python-chardet,系统库
python-click,系统库
python-configobj,系统库
python-configshell,系统库
python-coverage,系统库
python-cpio,系统库
python-cryptography,系统库
python-cups,系统库
python-dasbus,系统库
python-dateutil,系统库
python-dbus-client-gen,系统库
python-dbus-python-client-gen,系统库
python-dbus-signature-pyparsing,系统库
python-decorator,系统库
python-dmidecode,系统库
python-dns,系统库
python-enchant,系统库
python-ethtool,系统库
python-evdev,系统库
python-fasteners,系统库
python-flask,系统库
python-gevent,系统库
python-gflags,系统库
python-greenlet,系统库
python-gssapi,系统库
python-html5lib,系统库
python-httplib2,系统库
python-humanize,系统库
python-hwdata,系统库
python-hypothesis,系统库
python-idna,系统库
python-imagesize,系统库
python-iniparse,系统库
python-inotify,系统库
python-into-dbus-python,系统库
python-iso8601,系统库
python-itsdangerous,系统库
python-jinja2,系统库
python-jmespath,系统库
python-jsonpatch,系统库
python-jsonpointer,系统库
python-jsonschema,系统库
python-justbases,系统库
python-justbytes,系统库
python-jwt,系统库
python-kmod,系统库
python-ldap,系统库
python-lesscpy,系统库
python-linux-procfs,系统库
python-lxml,系统库
python-mako,系统库
python-markdown,系统库
python-markupsafe,系统库
python-meh,系统库
python-mock,系统库
python-netaddr,系统库
python-netifaces,系统库
python-networkx,系统库
python-ntplib,系统库
python-oauth2client,系统库
python-oauthlib,系统库
python-ordered-set,系统库
python-packaging,系统库
python-pexpect,系统库
python-pid,系统库
python-pillow,系统库
python-pip,系统库
python-pluggy,系统库
python-ply,系统库
python-prettytable,系统库
python-productmd,系统库
python-psutil,系统库
python-psycopg2,系统库
python-ptyprocess,系统库
python-py,系统库
python-pyasn1,系统库
python-pycparser,系统库
python-pycurl,系统库
python-pydbus,系统库
python-pyghmi,系统库
python-pysocks,系统库
python-pytoml,系统库
python-pyudev,系统库
python-qt5,系统库
python-reportlab,系统库
python-requests,系统库
python-requests-file,系统库
python-requests-ftp,系统库
python-requests-oauthlib,系统库
python-resolvelib,系统库
python-rpmfluff,系统库
python-rpm-generators,系统库
python-rpm-macros,系统库
python-rtslib,系统库
python-s3transfer,系统库
python-schedutils,系统库
python-semantic_version,系统库
python-setuptools,系统库
python-setuptools_scm,系统库
python-simpleline,系统库
python-six,系统库
python-slip,系统库
python-snowballstemmer,系统库
python-sphinx,系统库
python-sphinx_rtd_theme,系统库
python-sphinxcontrib-websupport,系统库
python-sphinx-theme-alabaster,系统库
python-suds,系统库
python-sure,系统库
python-sushy,系统库
python-systemd,系统库
python-unittest2,系统库
python-uritemplate,系统库
python-urllib3,系统库
python-urwid,系统库
python-varlink,系统库
python-webencodings,系统库
python-werkzeug,系统库
python-whoosh,系统库
pytz,系统库
pywbem,系统库
pyxattr,系统库
pyxdg,系统库
PyYAML,系统库
qatengine,应用库
qatlib,应用库
qatzip,应用库
qemu-kvm,应用服务
qgnomeplatform,桌面
qhull,应用库
qpdf,应用工具
qperf,应用工具
qrencode,应用工具
qt5,应用库
qt5-doc,应用库
qt5-qt3d,应用库
qt5-qtbase,应用库
qt5-qtcanvas3d,应用库
qt5-qtconnectivity,应用库
qt5-qtdeclarative,应用库
qt5-qtdoc,应用库
qt5-qtgraphicaleffects,应用库
qt5-qtimageformats,应用库
qt5-qtlocation,应用库
qt5-qtmultimedia,应用库
qt5-qtquickcontrols,应用库
qt5-qtquickcontrols2,应用库
qt5-qtscript,应用库
qt5-qtsensors,应用库
qt5-qtserialbus,应用库
qt5-qtserialport,应用库
qt5-qtsvg,应用库
qt5-qttools,应用库
qt5-qttranslations,应用库
qt5-qtvirtualkeyboard,应用库
qt5-qtwayland,应用库
qt5-qtwebchannel,应用库
qt5-qtwebengine,应用库
qt5-qtwebsockets,应用库
qt5-qtx11extras,应用库
qt5-qtxmlpatterns,应用库
qtchooser,应用工具
quota,应用工具
radvd,应用工具
raptor2,应用工具
rar,应用工具
rarian,应用工具
rasdaemon,应用服务
rasqal,应用库
rdma-core,系统库
re2,应用工具
re2c,应用工具
readline,系统工具
realmd,应用工具
rear,应用工具
recode,系统服务
redfish-finder,应用工具
redhat-lsb,应用工具
redhat-menus,应用工具
redhat-rpm-config,系统工具
redhat-support-lib-python,系统工具
redhat-support-tool,应用工具
redland,应用库
resource-agents,应用服务
rest,应用库
rhythmbox,应用工具
rig,应用工具
rng-tools,应用工具
rocketmq,大数据
rootfiles,基础环境
rpcbind,应用库
rpcsvc-proto,应用工具
rpm,系统工具
rpm_sourcesrpm,系统库
rpmdevtools,应用工具
rpmlint,应用工具
rpm-mpi-hooks,系统库
rpm-ostree,应用库
rrdtool,应用工具
rshim,系统服务
rsync,应用工具
rsyslog,系统服务
rtkit,系统库
rubberband,应用库
rubygem-diff-lcs,应用库
rubygem-rspec,应用库
rubygem-rspec-core,应用库
rubygem-rspec-expectations,应用库
rubygem-rspec-mocks,应用库
rubygem-rspec-support,应用库
rust-srpm-macros,系统库
saab-fonts,桌面
sac,应用库
samba,应用服务
samyak-fonts,桌面
sane-backends,应用工具
sane-frontends,应用工具
sanlock,应用库
sassist,应用工具
satyr,应用库
sbc,应用库
sbd,应用库
sblim-cmpi-base,应用库
sblim-cmpi-devel,应用库
sblim-gather,应用库
sblim-indication_helper,系统服务
sblim-sfcb,应用库
sblim-sfcc,应用库
sblim-sfcCommon,系统服务
sblim-wbemcli,应用库
scap-security-guide,应用工具
scap-workbench,应用工具
scl-utils,应用工具
scons,应用工具
scotch,应用库
scrub,应用工具
SDL,应用库
SDL2,应用库
seahorse,桌面
sed,核心工具
selinux-policy,系统工具
sendmail,应用工具
setools,应用工具
setroubleshoot,应用工具
setroubleshoot-plugins,应用工具
setserial,系统服务
setup,基础环境
sevctl,应用工具
sg3_utils,系统工具
sgml-common,应用工具
sgpio,系统服务
shadow-utils,应用工具
shared-mime-info,系统库
sharutils,系统服务
shim,系统服务
shim-unsigned-x64,应用工具
sil-abyssinica-fonts,桌面
sil-nuosu-fonts,桌面
sil-padauk-fonts,桌面
sil-scheherazade-fonts,桌面
sip,应用工具
skkdic,应用库
slang,系统服务
smartmontools,应用工具
smc-fonts,桌面
smc-tools,应用工具
snappy,应用库
socat,应用库
socket_wrapper,应用库
sombok,应用工具
sos,应用工具
sos-collector,应用工具
sound-theme-freedesktop,应用库
soundtouch,应用工具
source-highlight,应用库
soxr,应用库
spamassassin,应用库
speech-dispatcher,应用库
speex,系统服务
speexdsp,系统服务
spice,虚拟化
spice-client-win,虚拟化
spice-gtk,虚拟化
spice-protocol,虚拟化
spice-qxl-wddm-dod,虚拟化
spice-streaming-agent,虚拟化
spice-vdagent,虚拟化
spice-vdagent-win,虚拟化
spirv-tools,应用工具
splix,应用库
sqlite,应用库
squashfs-tools,系统工具
srt,应用工具
ssar,应用工具
sscg,应用工具
sshpass,系统服务
sssd,系统服务
stalld,应用服务
star,应用工具
startdde,桌面
startup-notification,应用库
stix-fonts,桌面
strace,应用工具
stratis-cli,应用工具
stratisd,应用服务
stress-ng,应用工具
stunnel,应用库
subscription-manager-migration-data,应用工具
sudo,系统工具
suitesparse,应用库
SuperLU,应用工具
sushi,应用工具
switcheroo-control,应用服务
symlinks,系统服务
sysfsutils,应用工具
syslinux,系统库
sysstat,应用工具
system-config-printer,应用工具
systemd,核心服务
system-lsb,基础环境
system-storage-manager,应用工具
systemtap,系统工具
taglib,应用库
tagsoup,应用库
tang,应用服务
tar,应用工具
targetcli,应用工具
tbb,应用库
tboot,应用工具
tcl,系统库
tcpdump,应用工具
tcsh,应用工具
teckit,应用库
telnet,应用服务
tengine,应用服务
tesseract,应用工具
tesseract-tessdata,应用库
tex-fonts-hebrew,应用库
texi2html,应用工具
texinfo,核心工具
texlive,应用工具
tftp,应用工具
thai-scalable-fonts,桌面
thermald,应用服务
thunderbird,应用工具
tibetan-machine-uni-fonts,桌面
tigervnc,应用工具
time,系统服务
timedatex,应用服务
tinycdb,系统服务
tinyxml2,应用库
tix,应用工具
tk,应用工具
tlog,应用工具
tmpwatch,应用工具
tmux,应用工具
tog-pegasus,应用库
tokyocabinet,应用库
torque,应用库
totem,应用工具
totem-pl-parser,应用库
tpm2-abrmd,应用服务
tpm2-abrmd-selinux,应用库
tpm2-tools,应用工具
tpm2-tss,应用库
tpm-quote-tools,应用工具
tpm-tools,应用工具
trace-cmd,应用工具
tracer,应用工具
traceroute,应用工具
tracker,应用工具
tracker-miners,应用工具
transfig,应用工具
tree,系统服务
trousers,系统库
tss2,应用库
ttmkfdir,应用工具
tuna,应用工具
tuned,系统服务
twolame,应用库
tzdata,基础环境
uchardet,应用库
ucs-miscfixed-fonts,桌面
ucx,应用库
udftools,应用工具
udisks2,应用工具
udisks2-qt5,应用库
uglify-js,应用库
uid_wrapper,应用库
unbound,应用工具
unicode-ucd,应用服务
unique,应用库
units,应用工具
unixODBC,数据库
unrar,应用工具
unzip,应用工具
update-motd,应用库
upower,应用服务
urlview,应用工具
urw-base35-fonts,桌面
usb_modeswitch,应用库
usb_modeswitch-data,应用库
usbguard,应用服务
usbmuxd,应用服务
usbredir,应用库
usbutils,应用工具
usermode,应用工具
userspace-rcu,系统服务
ustr,系统服务
util-linux,核心工具
uuid,系统服务
v4l-utils,应用库
vala,应用工具
valgrind,应用工具
vamp-plugin-sdk,应用库
vapoursynth,应用库
vdo,应用工具
vhostmd,应用工具
vid.stab,应用库
vim,系统工具
vinagre,应用工具
vino,应用工具
virtio-win,虚拟化
virt-manager,虚拟化
virt-p2v,虚拟化
virt-top,虚拟化
virt-viewer,虚拟化
virt-what,虚拟化
vmaf,应用库
vo-amrwbenc,应用库
volume_key,应用工具
vorbis-tools,应用工具
vsftpd,应用服务
vte291,应用库
vulkan-headers,应用库
vulkan-loader,应用库
vulkan-tools,应用库
vulkan-validation-layers,应用库
waf,应用库
WALinuxAgent,应用服务
watchdog,系统服务
wavpack,系统服务
wayland,应用服务
web-assets,应用库
webkit2gtk3,应用库
webrtc-audio-processing,应用库
weldr-client,系统服务
wget,应用工具
which,系统工具
whois,应用工具
wireshark,应用工具
woff2,应用库
words,应用工具
wpa_supplicant,应用工具
wqy-microhei-fonts,桌面
wqy-unibit-fonts,桌面
wsmancli,应用工具
x264,应用库
x265,应用库
x3270,应用工具
xapian-core,应用库
Xaw3d,应用工具
xcb-proto,应用库
xcb-util,系统工具
xcb-util-cursor,应用库
xcb-util-image,应用库
xcb-util-keysyms,应用库
xcb-util-renderutil,应用库
xcb-util-wm,应用库
xdelta,应用工具
xdg-desktop-portal,应用库
xdg-desktop-portal-gtk,应用库
xdg-user-dirs,应用库
xdg-user-dirs-gtk,应用库
xdg-utils,应用工具
xdp-tools,应用工具
xerces-c,应用库
xfsdump,应用工具
xfsprogs,系统工具
xhtml1-dtds,应用工具
xinetd,应用服务
xkeyboard-config,应用库
xmlrpc-c,应用库
xmlsec1,应用库
xmlto,应用工具
xmltoman,应用工具
xorg-sgml-doctools,应用工具
xorg-x11-apps,应用工具
xorg-x11-docs,应用工具
xorg-x11-drivers,应用库
xorg-x11-drv-ati,应用服务
xorg-x11-drv-dummy,应用服务
xorg-x11-drv-evdev,应用服务
xorg-x11-drv-fbdev,应用服务
xorg-x11-drv-intel,应用服务
xorg-x11-drv-libinput,应用服务
xorg-x11-drv-nouveau,应用库
xorg-x11-drv-qxl,应用服务
xorg-x11-drv-v4l,应用服务
xorg-x11-drv-vesa,应用服务
xorg-x11-drv-vmware,应用服务
xorg-x11-drv-wacom,应用服务
xorg-x11-fonts,桌面
xorg-x11-font-utils,应用服务
xorg-x11-server,应用服务
xorg-x11-server-utils,应用工具
xorg-x11-server-Xwayland,应用服务
xorg-x11-util-macros,应用服务
xorg-x11-utils,应用工具
xorg-x11-xauth,应用服务
xorg-x11-xbitmaps,应用服务
xorg-x11-xinit,应用服务
xorg-x11-xkb-utils,应用工具
xrestop,应用工具
xsane,应用库
xsettingsd,系统服务
xterm,应用工具
xvidcore,应用库
xz,核心工具
yajl,系统服务
yasm,应用库
yelp,应用库
yelp-tools,应用工具
yelp-xsl,应用工具
ypbind,应用服务
ypserv,应用服务
yp-tools,应用工具
zaf,应用工具
zenity,应用工具
zeromq3,应用库
zimg,应用库
zip,应用工具
zlib,核心库
zsh,系统工具
zssh,应用工具
zstd,系统工具
zvbi,应用工具
zziplib,应用库
xmlunit,应用工具
xmvn,应用工具
xsom,应用库
xz-java,应用工具
xmlstreambuffer,应用库
xmlgraphics-commons,应用库
xml-commons-apis,应用库
xml-commons-resolver,应用库
xerces-j2,应用库
xbean,应用服务
xalan-j2,应用库
weld-parent,应用库
virt-v2v,虚拟化
velocity,应用库
varnish,应用服务
varnish-modules,应用服务
uom-lib,应用库
uom-parent,应用工具
uom-se,应用库
uom-systems,应用库
univocity-parsers,应用库
unit-api,应用库
udica,应用库
tomcatjss,应用服务
toolbox,应用工具
testng,应用库
swtpm,应用工具
swig,应用库
supermin,应用工具
subversion,应用工具
stax-ex,应用库
squid,应用服务
spice-parent,虚拟化
spec-version-maven-plugin,应用库
sonatype-oss-parent,应用库
sonatype-plugins-parent,应用库
softhsm,应用库
slapi-nis,应用库
slf4j,应用工具
slirp4netns,虚拟化
skopeo,虚拟化
sisu,应用库
sisu-mojos,应用库
si-units,应用库
sgabios,系统工具
seabios,系统服务
scipy,系统库
scala,系统工具
sat4j,应用库
rust-toolset,系统工具
runc,系统工具
rust,系统工具
rubygem-mongo,应用库
rubygem-mysql2,应用库
rubygem-pg,应用库
ruby,应用库
rubygem-abrt,应用库
rubygem-bson,应用库
rubygem-bundler,应用库
resteasy,应用库
regexp,应用库
relaxngDatatype,应用库
redis,数据库
qdox,应用工具
pyusb,系统库
python-yubico,系统库
python-wheel,系统库
python-virtualenv,系统库
python-wcwidth,系统库
python-toml,系统库
python-sqlalchemy,系统库
python-scour,系统库
python-qrcode,系统库
python-pytest-mock,系统库
python-pygments,系统库
python-pymongo,系统库
python-PyMySQL,系统库
python-podman,系统库
python-podman-api,系统库
python-nose,系统库
python-nss,系统库
python-more-itertools,系统库
python-lit,系统库
python-kdcproxy,系统库
python-jwcrypto,系统库
python-ipaddress,系统库
python-iniconfig,系统库
python-funcsigs,系统库
python-docs,系统库
python-docutils,系统库
python-distro,系统库
python-backports,系统库
python-atomicwrites,系统库
python3x-pip,系统工具
python3x-pyparsing,系统库
python3x-setuptools,系统库
python3x-six,系统库
python36,系统库
python38,系统库
python39,系统库
python2,系统库
python2-pip,系统工具
python2-pycairo,系统库
python2-rpm-macros,系统库
python2-setuptools,系统工具
python2-six,系统库
pygtk2,系统库
pygobject2,系统库
pybind11,系统库
powermock,应用库
postgres-decoderbufs,数据库
postgresql,数据库
podman,云原生
plexus-ant-factory,应用库
plexus-archiver,应用库
plexus-bsh-factory,应用库
plexus-build-api,应用库
plexus-cipher,应用库
plexus-classworlds,应用库
plexus-cli,应用工具
plexus-compiler,应用工具
plexus-component-api,应用库
plexus-component-factories-pom,应用库
plexus-components-pom,应用库
plexus-containers,应用库
plexus-i18n,应用库
plexus-interactivity,应用库
plexus-interpolation,应用库
plexus-io,应用库
plexus-languages,应用库
plexus-pom,应用库
plexus-resources,应用库
plexus-sec-dispatcher,应用库
plexus-utils,应用工具
plexus-velocity,应用库
pki-core,应用库
pki-servlet-engine,应用库
php,应用库
php-pear,应用库
php-pecl-apcu,应用库
php-pecl-rrd,应用库
php-pecl-xdebug,应用库
php-pecl-xdebug3,应用库
php-pecl-zip,应用库
pg_repack,数据库
pgaudit,数据库
perl-YAML,系统库
perl-WWW-RobotRules,系统库
perl-Try-Tiny,系统库
perl-TimeDate,系统库
perl-Sys-Virt,应用库
perl-String-ShellQuote,系统库
perl-Parse-PMFile,系统库
perl-Object-HashBase,系统库
perl-Net-SSLeay,系统库
perl-NTLM,系统库
perl-Net-HTTP,系统库
perl-Mozilla-CA,系统库
perl-Module-CPANfile,系统库
perl-LWP-MediaTypes,系统库
perl-LWP-Protocol-https,系统库
perl-libwww-perl,系统库
perl-IO-Socket-SSL,系统库
perl-IO-Compress-Lzma,系统库
perl-IO-HTML,系统库
perl-HTTP-Date,系统库
perl-HTTP-Message,系统库
perl-HTTP-Negotiate,系统库
perl-HTTP-Cookies,系统库
perl-HTML-Parser,系统库
perl-HTML-Tagset,系统库
perl-File-pushd,系统库
perl-File-Listing,系统库
perl-FCGI,系统库
perl-Encode-Locale,系统库
perl-Digest-HMAC,系统库
perl-DBD-MySQL,系统库
perl-DBD-Pg,系统库
perl-Data-Dump,系统库
perl-CPAN-Meta-Check,系统库
perl-CPAN-DistnameInfo,系统库
perl-Compress-Raw-Lzma,系统库
perl-App-cpanminus,系统库
parfait,应用库
owasp-java-encoder,应用工具
os-maven-plugin,应用库
osgi-annotation,应用库
osgi-compendium,应用库
osgi-core,应用库
opentest4j,应用库
opendnssec,应用库
oci-seccomp-bpf-hook,云原生
oci-systemd-hook,云原生
oci-umount,云原生
objectweb-asm,应用工具
objectweb-pom,应用库
objenesis,应用库
netcf,应用库
nbdkit,应用库
mysql,数据库
munge-maven-plugin,应用库
mojo-parent,应用库
modello,应用库
mod_md,应用库
mod_http2,应用库
mod_auth_openidc,应用库
mockito,应用库
mercurial,应用工具
mecab,应用工具
mecab-ipadic,应用工具
maven,应用工具
maven2,应用工具
maven-antrun-plugin,应用库
maven-archiver,应用库
maven-artifact-resolver,应用库
maven-artifact-transfer,应用库
maven-assembly-plugin,应用库
maven-clean-plugin,应用库
maven-common-artifact-filters,应用库
maven-compiler-plugin,应用库
maven-dependency-analyzer,应用库
maven-dependency-plugin,应用库
maven-dependency-tree,应用库
maven-doxia,应用库
maven-doxia-sitetools,应用库
maven-enforcer,应用库
maven-file-management,应用库
maven-filtering,应用库
maven-install-plugin,应用库
maven-invoker,应用库
maven-invoker-plugin,应用库
maven-jar-plugin,应用库
maven-parent,应用库
maven-plugin-build-helper,应用库
maven-plugin-bundle,应用库
maven-plugins-pom,应用库
maven-plugin-testing,应用库
maven-plugin-tools,应用库
maven-remote-resources-plugin,应用库
maven-reporting-api,应用库
maven-reporting-impl,应用库
maven-resolver,应用库
maven-resources-plugin,应用库
maven-script-interpreter,应用库
maven-shade-plugin,应用库
maven-shared,应用库
maven-shared-incremental,应用库
maven-shared-io,应用库
maven-shared-utils,应用库
maven-source-plugin,应用库
maven-surefire,应用库
maven-verifier,应用库
maven-wagon,应用库
mailman,系统工具
lz4-java,应用库
lucene,应用工具
log4j12,应用库
llvm,系统工具
llvm-toolset,系统工具
lld,系统工具
lldb,系统工具
libzip,系统库
libvirt-python,应用库
libvirt,虚拟化
libvirt-dbus,虚拟化
libtpms,系统库
libslirp,虚拟化
libserf,应用库
libomp,系统库
libnbd,系统库
libiscsi,系统库
libguestfs,系统库
libguestfs-winsupport,系统库
libecap,系统库
ldapjdk,应用库
jzlib,应用库
junit,应用库
junit5,应用库
jvnet-parent,应用库
jsoup,应用库
jsr-305,应用工具
jss,系统工具
jtidy,应用工具
Judy,系统服务
jsch,应用服务
jline,系统库
jmc,应用工具
jmc-core,应用工具
jetty,应用服务
jflex,应用库
jdepend,应用工具
jdependency,应用库
jdom,应用库
jdom2,应用库
jboss-parent,应用库
jctools,应用库
jboss-interceptors-1.2-api,应用库
javacc,应用工具
javacc-maven-plugin,应用库
javamail,应用库
javapackages-tools,应用工具
javassist,应用工具
jaxen,应用库
java_cup,应用库
jackson-annotations,应用库
jackson-core,应用库
jackson-databind,应用库
jackson-jaxrs-providers,应用库
jackson-module-jaxb-annotations,应用库
jaf,应用库
jakarta-commons-httpclient,应用库
jakarta-oro,应用库
jansi,应用库
jansi-native,应用库
isorelax,应用库
ipa,系统服务
ipa-healthcheck,系统库
inkscape,应用工具
icu4j,系统库
httpcomponents-client,应用库
httpcomponents-core,应用库
httpcomponents-project,应用库
httpd,应用服务
hivex,系统库
HdrHistogram,应用工具
hamcrest,应用库
guava,应用库
guava20,应用库
go-toolset,应用工具
google-gson,应用库
google-guice,应用库
golang,系统工具
glassfish-annotation-api,应用库
glassfish-el,应用库
glassfish-fastinfoset,应用库
glassfish-jaxb,应用库
glassfish-jaxb-api,应用库
glassfish-jsp,应用库
glassfish-jsp-api,应用库
glassfish-legal,应用库
glassfish-master-pom,应用库
glassfish-servlet-api,应用库
gimp,应用工具
geronimo-annotation,应用库
geronimo-jms,应用库
geronimo-jpa,应用库
geronimo-parent-poms,应用库
galera,应用服务
freeradius,应用服务
forge-parent,应用工具
felix-gogo-command,应用工具
felix-gogo-runtime,应用库
felix-gogo-shell,应用工具
felix-osgi-compendium,应用库
felix-osgi-core,应用库
felix-osgi-foundation,应用库
felix-parent,应用库
felix-scr,应用库
felix-utils,应用工具
exec-maven-plugin,应用库
ee4j-parent,应用库
easymock,应用库
eclipse,应用工具
eclipse-ecf,应用库
eclipse-emf,应用库
disruptor,应用库
directory-maven-plugin,应用库
delve,应用工具
deepin-editor,桌面
custodia,应用服务
crun,应用库
containernetworking-plugins,应用库
containers-common,应用库
container-selinux,应用库
compiler-rt,系统库
conmon,应用工具
cockpit-podman,系统库
cglib,系统库
cdi-api,应用库
cal10n,应用库
byaccj,系统服务
buildah,应用库
bsf,系统库
bsh,系统工具
bind-dyndb-ldap,应用工具
bcel,应用工具
bea-stax,应用库
beust-jcommander,应用库
batik,应用库
atinject,应用工具
assertj-core,应用工具
aqute-bnd,应用工具
aopalliance,应用工具
apache-commons-beanutils,应用库
apache-commons-cli,应用库
apache-commons-codec,应用库
apache-commons-collections,应用库
apache-commons-compress,应用库
apache-commons-exec,应用库
apache-commons-io,应用库
apache-commons-jxpath,应用库
apache-commons-lang,应用库
apache-commons-lang3,应用库
apache-commons-logging,应用库
apache-commons-net,应用库
apache-commons-parent,应用库
apache-ivy,应用工具
apache-parent,应用库
apache-resource-bundles,应用库
apiguardian,应用工具
ant,应用工具
ant-contrib,应用工具
antlr,应用库
389-ds-base,应用工具
